PULocationID,DOLocationID,fare_amount
5,5,420
248,248,420
191,191,375
131,95,346
121,28,300
83,265,285
130,265,283
95,95,276
196,28,250
121,93,250
93,28,250
191,230,232
95,265,230
130,191,215
265,265,210
130,130,200
196,145,200
121,196,200
129,129,185
213,265,185
82,129,179
83,83,175
82,82,175
63,28,175
28,28,170
80,80,165
223,223,165
43,44,163.5
216,265,157
75,265,156
95,177,150
92,92,150
260,265,150
121,121,150
192,121,150
196,177,150
53,53,145
244,265,143
129,265,142.5
92,197,141
265,42,140
166,243,140
265,226,136
42,42,130
130,121,129.5
66,265,125
98,264,125
192,192,125
207,1,120
10,10,120
219,265,120
265,264,120
7,243,120
95,71,119
92,265,110
95,85,107.5
98,265,106.5
255,255,105
28,265,105
160,82,103
124,264,103
130,218,102.5
212,168,102
65,97,101.5
80,107,100
80,264,100
75,75,100
82,57,99
166,1,98.27
145,145,98
41,265,98
127,36,96
80,265,95
55,48,93.73
53,171,93
55,50,92.44
179,7,92
69,187,91.65
129,82,91
92,28,90.5
95,132,90
147,243,90
75,243,90
78,243,90
179,179,89
166,216,88.5
25,265,87
48,265,86.71
95,1,86.24
82,173,86
1,1,86
55,265,86
55,218,85.2
122,122,85
95,84,84.86
86,88,84.64
116,1,84.5
244,264,84.5
173,95,84
65,65,83.5
55,70,83.2
7,7,83
188,188,83
195,232,83
252,22,82.7
244,1,82
236,1,82
82,85,81
244,168,81
157,157,81
55,55,80.7
108,70,80.7
43,1,80.5
95,91,80
157,264,80
132,132,80
80,236,80
74,42,80
260,138,80
264,264,80
200,243,80
244,132,80
197,197,80
157,265,80
160,22,79.7
82,50,79.5
217,82,79.5
130,197,79.5
171,55,78
71,169,77.95
132,33,77.5
132,6,77
198,198,77
25,132,77
65,132,76.5
42,265,76.24
174,29,76.2
14,243,75.77
55,138,75.21
263,263,75
74,1,75
69,76,75
226,140,75
173,92,75
132,264,75
181,186,75
75,264,75
130,264,75
146,146,75
74,265,75
108,55,74.5
178,55,74.5
42,1,74.2
55,42,74.2
71,94,74.15
94,71,74.15
43,265,74
33,140,74
145,1,73.57
129,138,73.5
136,72,73.5
55,248,73.2
127,132,72.78
216,92,72.5
55,74,72.2
41,1,72
169,71,71.65
129,260,71.5
201,185,71.2
78,177,71
75,132,70.5
65,1,70.5
155,244,70.2
81,14,70.2
244,223,70.07
130,90,70
192,265,70
85,162,70
196,21,70
28,259,70
181,90,70
130,261,70
80,162,70
80,91,70
80,24,70
194,93,70
20,243,70
212,212,70
75,180,69.5
75,11,69.5
166,132,69
36,92,69
55,29,69
169,89,68.9
86,254,68.2
117,117,68.2
127,117,68.2
213,108,68.2
225,50,68.2
92,264,68
139,227,68
196,215,68
95,133,68
55,233,68
247,132,67.62
116,265,67.5
75,232,67.5
65,117,67.5
243,132,67.3
39,136,67.2
136,210,67.2
185,155,67.2
55,51,67.2
116,132,67.2
39,200,67.2
29,48,67.2
14,51,67.2
33,132,67.07
75,172,67
226,14,67
260,55,67
226,226,67
174,22,66.2
86,244,66.2
117,163,66.2
155,237,66.2
244,26,66
73,73,66
41,177,66
92,53,65.5
75,91,65.5
197,132,65.5
52,132,65.5
92,192,65.5
49,1,65.31
155,75,65.2
51,210,65.2
86,238,65.2
55,41,65.2
55,147,65.2
201,158,65.2
117,87,65.2
21,129,65.2
26,70,65.1
95,166,65
134,232,65
75,29,65
70,70,65
248,139,65
92,170,65
80,4,65
166,166,65
242,132,65
55,230,64.72
42,132,64.55
152,132,64.52
82,83,64.5
244,244,64.5
83,82,64.5
92,116,64.5
229,1,64.36
159,132,64.33
243,216,64.28
149,137,64.27
155,140,64.2
130,162,64.2
86,69,64.2
51,117,64.2
74,132,64.14
43,180,64
168,177,64
75,38,64
132,233,64
42,37,64
65,212,64
247,89,63.95
169,195,63.95
21,7,63.71
130,10,63.5
75,39,63.5
97,1,63.31
210,166,63.2
51,133,63.2
86,78,63.2
86,116,63.2
76,68,63.2
150,51,63.2
86,261,63.2
117,68,63.2
75,22,63
41,215,63
260,132,63
130,132,63
130,80,63
97,65,62.5
35,42,62.5
26,121,62.41
14,70,62.4
227,70,62.4
41,55,62.2
155,193,62.2
67,32,62.2
39,236,62.2
86,236,62.2
230,265,62.06
82,265,62
75,165,62
188,243,62
129,28,62
197,70,62
41,132,62
7,146,62
97,132,61.95
87,132,61.85
225,166,61.52
74,218,61.5
75,63,61.5
82,93,61.5
226,155,61.5
33,94,61.5
223,55,61.2
65,86,61.2
76,168,61.2
21,244,61.2
117,254,61.2
136,39,61.2
75,26,61
95,87,60.78
51,231,60.75
97,74,60.5
42,39,60.5
160,197,60.5
244,217,60.5
82,228,60.5
130,48,60.5
21,161,60.49
3,88,60.24
74,117,60.2
139,229,60.2
11,82,60.2
86,79,60.2
150,236,60.2
86,137,60.2
117,79,60.2
39,75,60.2
228,218,60.2
222,167,60.2
65,43,60.05
166,14,60
66,135,60
130,42,60
37,231,60
89,188,60
195,195,60
80,68,60
80,163,60
82,132,60
259,259,60
168,168,60
181,181,60
80,256,60
66,61,60
134,162,60
80,145,60
80,232,60
195,264,60
65,264,60
80,48,60
80,90,60
181,264,60
131,131,60
92,129,60
80,226,60
170,1,59.96
116,42,59.93
18,186,59.72
223,230,59.7
193,132,59.68
65,169,59.65
260,130,59.5
130,219,59.5
66,66,59.5
82,227,59.5
130,223,59.5
191,69,59.5
92,7,59.5
121,92,59.5
244,188,59.5
142,132,59.35
170,132,59.27
210,15,59.2
128,14,59.2
38,249,59.2
181,117,59.2
39,209,59.2
117,242,59.2
55,223,59.2
117,74,59.2
39,254,59.2
28,129,59
95,14,59
210,210,59
75,258,59
228,138,58.77
97,151,58.72
163,132,58.62
33,138,58.61
55,239,58.6
75,89,58.5
98,92,58.5
189,132,58.48
188,265,58.41
163,55,58.4
9,229,58.29
76,140,58.2
33,139,58.2
210,263,58.2
86,212,58.2
244,76,58.2
117,17,58.2
10,227,58.2
135,220,58.2
108,75,58.2
227,10,58.2
127,203,58.2
84,21,58.11
107,264,58
52,263,58
86,264,58
78,132,57.94
41,180,57.83
75,188,57.5
75,149,57.5
129,264,57.5
132,265,57.24
205,14,57.2
86,81,57.2
210,239,57.2
169,132,57
82,226,57
43,217,57
42,149,57
53,196,57
141,132,56.74
263,132,56.64
55,163,56.61
185,88,56.61
43,26,56.5
129,216,56.5
200,234,56.5
205,244,56.2
188,254,56.2
182,39,56.2
35,236,56.2
117,80,56.2
210,170,56.2
190,200,56.2
65,222,56.2
226,132,56.06
98,82,56
130,96,56
126,127,56
196,188,56
243,152,56
257,237,56
14,55,56
85,139,55.84
210,150,55.5
95,82,55.5
74,74,55.5
41,133,55.5
40,132,55.21
254,36,55.2
258,228,55.2
155,233,55.2
228,258,55.2
42,228,55.2
25,205,55.2
228,63,55.2
55,121,55.2
247,76,55.2
210,137,55.2
90,132,55.18
138,138,55
130,134,55
130,140,55
82,87,55
260,260,55
76,75,55
25,230,55
166,26,55
80,211,55
29,55,55
212,138,55
244,112,55
203,264,55
130,26,55
265,132,55
130,144,55
257,120,54.89
114,1,54.87
164,132,54.63
71,191,54.5
41,181,54.5
174,41,54.3
63,137,54.23
210,224,54.23
134,238,54.21
89,119,54.2
242,117,54.2
150,48,54.2
205,174,54.2
38,14,54.2
210,16,54.2
210,223,54.2
155,185,54.2
61,75,54.2
75,210,54.2
231,76,54.2
254,189,54.2
95,143,54.2
227,136,54.2
14,196,54.2
42,181,54.19
75,228,54.09
4,132,54.02
181,156,54
95,28,54
42,71,54
95,163,54
166,134,54
92,171,54
37,254,54
225,41,53.67
148,132,53.63
49,132,53.59
32,88,53.59
100,132,53.58
95,246,53.5
93,223,53.5
169,41,53.5
29,150,53.5
265,162,53.43
7,14,53.41
7,132,53.26
223,124,53.23
21,132,53.22
210,252,53.2
75,219,53.2
223,210,53.2
265,14,53.2
35,43,53.2
106,254,53.2
228,215,53.2
26,243,53.2
136,216,53.2
210,92,53.2
81,170,53.2
210,33,53.2
193,210,53.2
210,140,53.2
177,244,53.2
244,72,53.2
81,234,53.2
136,37,53.2
61,136,53.2
71,70,53.12
94,87,53.1
257,132,53.08
265,55,53
7,89,53
244,181,53
102,258,53
83,56,53
92,82,53
181,138,52.64
236,132,52.5
11,265,52.5
49,83,52.5
10,230,52.5
17,42,52.5
55,76,52.5
130,61,52.5
42,97,52.5
92,56,52.5
260,129,52.5
119,168,52.5
75,61,52.5
98,98,52.3
244,52,52.25
3,231,52.2
130,55,52.2
35,32,52.2
35,78,52.2
35,142,52.2
210,107,52.2
195,191,52.2
241,25,52.2
69,35,52.2
259,258,52.2
76,137,52.12
14,44,52.1
41,41,52
132,74,52
75,263,52
226,93,52
129,188,52
69,69,52
24,132,52
116,116,52
168,132,52
33,33,52
166,24,52
74,223,52
10,50,52
36,264,52
97,97,52
74,93,52
152,152,52
193,193,52
41,264,52
42,194,52
168,265,52
223,264,52
263,264,52
146,132,52
10,152,52
43,132,52
95,228,52
95,227,52
244,216,52
119,132,52
132,75,52
75,74,52
130,123,52
43,43,52
244,137,52
262,132,52
255,132,51.83
198,46,51.73
150,80,51.72
41,174,51.6
89,132,51.58
99,14,51.52
55,21,51.5
122,265,51.5
244,243,51.5
196,22,51.5
144,1,51.24
122,151,51.2
76,48,51.2
35,20,51.2
35,167,51.2
14,92,51.2
136,97,51.2
258,196,51
41,218,51
196,102,51
42,98,50.9
75,138,50.79
42,41,50.67
7,67,50.59
132,108,50.5
43,14,50.5
160,265,50.5
43,63,50.5
130,89,50.5
75,123,50.5
121,169,50.5
173,73,50.5
258,82,50.5
41,61,50.5
74,88,50.5
25,241,50.5
69,33,50.47
247,65,50.45
63,158,50.2
219,11,50.2
25,218,50.2
180,166,50.2
123,130,50.2
254,17,50.2
55,7,50.2
92,231,50.2
37,141,50.2
261,174,50.2
205,236,50.2
220,225,50.2
136,203,50.2
213,35,50.16
65,263,50
74,195,50
196,165,50
130,133,50
129,195,50
80,54,50
66,163,50
92,85,50
95,230,50
254,254,50
75,102,50
82,61,50
129,169,50
41,138,50
37,37,50
196,95,50
80,181,50
66,230,50
212,250,50
196,261,50
18,18,50
80,141,50
94,264,50
71,135,50
247,265,50
19,140,50
130,236,50
228,228,50
256,264,50
116,133,50
17,17,50
134,117,50
247,262,50
146,223,50
260,63,50
82,88,50
130,233,50
11,11,50
242,4,50
157,186,50
192,155,50
65,7,50
189,238,50
256,238,49.97
250,45,49.95
75,15,49.5
217,129,49.5
75,53,49.5
257,129,49.5
66,132,49.5
28,61,49.5
196,265,49.5
14,201,49.5
157,92,49.5
129,83,49.5
181,132,49.46
61,262,49.27
81,107,49.2
78,71,49.2
215,174,49.2
32,256,49.2
248,39,49.2
117,37,49.2
244,71,49.2
75,203,49.2
55,193,49.2
159,203,49.2
76,242,49.2
55,151,49.2
35,152,49.2
136,10,49.2
218,166,49.2
55,38,49.2
55,140,49.2
35,168,49.2
177,42,49.2
60,256,49.2
81,231,49.2
74,180,49.2
28,174,49.2
121,142,49.04
95,92,49
244,36,49
157,134,49
61,74,49
7,205,49
89,83,49
41,188,49
215,135,49
66,65,49
92,73,49
152,142,49
92,175,49
192,92,49
74,66,48.98
74,61,48.97
75,174,48.9
51,247,48.9
74,25,48.82
42,61,48.73
208,132,48.7
85,140,48.55
74,79,48.5
210,265,48.5
75,36,48.5
41,234,48.5
260,203,48.5
92,70,48.5
119,116,48.5
71,95,48.5
196,231,48.5
29,132,48.5
36,55,48.2
91,70,48.2
71,203,48.2
43,205,48.2
198,55,48.2
205,137,48.2
166,205,48.2
25,18,48.2
213,139,48.2
36,18,48.2
191,107,48.2
62,117,48.2
33,216,48.2
37,185,48.2
150,68,48.2
244,101,48.2
179,132,48.11
174,138,48.02
188,263,48
198,223,48
93,237,48
130,87,48
196,174,48
138,264,48
7,179,48
263,138,48
75,192,48
223,132,48
228,41,48
75,81,47.99
75,106,47.95
116,138,47.94
25,138,47.8
89,237,47.77
247,28,47.75
28,247,47.75
174,70,47.75
169,148,47.7
18,107,47.7
82,130,47.5
82,264,47.5
75,95,47.5
75,261,47.5
64,92,47.5
171,70,47.5
52,28,47.5
41,162,47.5
95,186,47.5
235,127,47.5
193,131,47.5
129,98,47.5
134,166,47.5
67,10,47.5
43,138,47.5
41,37,47.38
95,211,47.34
121,140,47.32
94,94,47.23
209,51,47.2
35,119,47.2
75,178,47.2
165,139,47.2
205,232,47.2
10,136,47.2
41,63,47.2
75,35,47.2
55,28,47.2
210,144,47.2
116,38,47.2
188,75,47.2
218,242,47.2
236,22,47.2
149,237,47.2
61,138,47.12
239,138,47.11
80,55,47
75,181,47
63,130,47
92,168,47
127,232,47
215,75,47
93,83,47
33,163,47
96,85,47
166,33,47
92,208,47
61,130,47
139,55,47
189,239,46.89
80,235,46.88
62,177,46.81
244,25,46.51
134,265,46.5
134,243,46.5
117,191,46.5
244,141,46.5
89,138,46.5
71,196,46.5
244,134,46.5
75,62,46.5
89,233,46.5
146,257,46.5
75,28,46.5
75,177,46.5
112,157,46.47
62,132,46.44
254,161,46.42
26,50,46.4
149,80,46.31
216,43,46.2
247,174,46.2
168,254,46.2
75,215,46.2
169,216,46.2
168,174,46.2
215,244,46.2
247,51,46.2
225,17,46.2
188,69,46.2
254,169,46.2
18,209,46.2
247,254,46.2
169,161,46.15
65,138,46.07
95,108,46
95,50,46
95,135,46
75,49,46
146,7,46
213,243,46
255,225,46
189,216,46
42,185,46
85,48,45.98
116,66,45.9
41,51,45.85
17,132,45.79
265,62,45.78
42,17,45.71
17,234,45.64
61,80,45.55
173,57,45.5
134,165,45.5
75,142,45.5
75,17,45.5
203,55,45.5
131,223,45.5
75,72,45.5
41,228,45.5
130,107,45.5
92,138,45.5
188,95,45.5
134,134,45.5
69,157,45.46
28,141,45.43
134,116,45.41
179,265,45.34
169,238,45.33
95,181,45.31
36,132,45.23
51,4,45.2
205,165,45.2
51,230,45.2
177,233,45.2
196,117,45.2
228,43,45.2
135,149,45.2
197,237,45.2
242,10,45.2
25,131,45.2
166,138,45.18
74,138,45.16
80,213,45.16
86,82,45
61,132,45
244,192,45
244,239,45
212,48,45
89,75,45
188,72,45
83,33,45
146,193,45
65,76,45
80,62,45
74,14,45
80,144,45
92,177,45
127,231,45
25,72,45
129,173,45
95,29,45
260,216,45
65,106,45
250,264,45
226,191,45
7,264,45
89,264,45
223,147,45
66,244,45
235,18,45
28,56,45
260,229,45
25,107,45
66,263,45
98,97,45
97,249,45
192,19,45
82,191,45
61,61,45
116,40,44.96
42,138,44.91
17,138,44.89
185,161,44.77
51,168,44.7
235,90,44.67
181,139,44.5
216,171,44.5
92,229,44.5
49,173,44.5
7,265,44.5
196,71,44.5
129,124,44.5
21,210,44.5
97,55,44.5
226,82,44.5
97,192,44.5
43,79,44.5
39,125,44.5
95,238,44.5
82,139,44.46
244,138,44.43
168,191,44.42
25,244,44.3
228,265,44.29
142,53,44.2
91,140,44.2
236,89,44.2
39,14,44.2
225,55,44.2
215,234,44.2
95,123,44.2
41,81,44.2
28,42,44.2
130,50,44.2
130,256,44
129,171,44
29,265,44
62,264,44
244,100,44
244,33,44
166,265,44
75,33,44
173,82,44
192,243,44
85,132,43.93
65,41,43.9
63,229,43.84
106,74,43.84
41,17,43.76
121,143,43.68
249,138,43.65
37,11,43.65
69,148,43.58
66,138,43.58
129,257,43.56
69,265,43.52
62,138,43.52
116,95,43.5
43,255,43.5
181,238,43.5
152,49,43.5
54,92,43.5
25,177,43.5
42,257,43.5
95,263,43.5
116,25,43.5
24,133,43.5
241,230,43.5
49,216,43.5
66,41,43.5
173,129,43.5
42,135,43.5
73,33,43.5
74,68,43.5
193,216,43.5
130,216,43.5
82,223,43.5
226,95,43.5
62,237,43.49
144,63,43.47
188,229,43.47
188,132,43.47
69,137,43.45
152,242,43.3
21,140,43.2
155,197,43.2
263,39,43.2
22,140,43.2
76,167,43.2
226,205,43.2
31,197,43.2
72,74,43.2
37,42,43.2
35,126,43.2
51,148,43.2
185,246,43.2
21,196,43.2
10,242,43.2
151,77,43.2
95,41,43.03
83,63,43
95,264,43
70,197,43
95,107,43
66,243,43
129,92,43
160,92,43
83,177,43
97,247,43
43,113,43
216,135,43
134,42,43
130,45,43
130,142,43
166,181,43
166,66,43
49,29,43
121,193,42.94
182,68,42.92
18,138,42.78
14,233,42.78
129,132,42.71
247,242,42.7
250,159,42.7
169,51,42.7
247,20,42.7
157,125,42.7
94,51,42.7
160,264,42.7
134,41,42.61
225,141,42.59
74,258,42.5
28,82,42.5
36,258,42.5
95,145,42.5
166,225,42.5
82,234,42.5
65,150,42.5
244,232,42.5
223,131,42.5
174,68,42.5
130,231,42.5
75,189,42.5
129,67,42.5
244,260,42.5
7,197,42.5
250,265,42.5
258,246,42.5
252,92,42.5
166,211,42.5
74,10,42.5
93,260,42.5
243,209,42.5
75,52,42.49
190,132,42.3
188,164,42.26
108,198,42.2
91,137,42.2
61,86,42.2
10,170,42.2
226,219,42.2
55,209,42.2
86,61,42.2
130,74,42.2
127,87,42.2
216,165,42.2
123,137,42.2
80,168,42.16
7,16,42.09
257,263,42.09
25,70,42.08
48,129,42.06
223,265,42
55,177,42
85,95,42
166,79,42
9,92,42
95,111,42
7,260,42
7,93,42
166,40,42
93,132,42
227,198,42
33,243,42
130,230,42
66,48,42
166,92,42
75,217,42
7,76,42
223,233,42
244,40,42
83,26,42
242,137,42
34,74,42
25,130,42
66,141,42
92,93,42
181,236,41.95
181,179,41.93
33,39,41.84
61,93,41.76
106,7,41.76
37,75,41.75
220,220,41.72
140,138,41.71
95,151,41.65
228,236,41.61
146,85,41.57
228,157,41.56
33,236,41.55
14,140,41.53
52,29,41.51
260,219,41.5
61,129,41.5
61,263,41.5
41,225,41.5
97,138,41.5
55,61,41.5
130,25,41.5
260,67,41.5
130,190,41.5
41,49,41.5
134,163,41.5
42,130,41.5
83,132,41.5
97,29,41.5
95,141,41.5
7,191,41.5
78,143,41.5
244,87,41.5
129,148,41.5
244,51,41.5
75,97,41.5
260,226,41.5
22,68,41.48
97,92,41.35
69,56,41.27
71,170,41.21
136,175,41.2
40,69,41.2
67,141,41.2
61,53,41.2
92,205,41.2
65,126,41.2
188,141,41.2
14,223,41.2
69,87,41.2
107,55,41.2
189,205,41.2
51,90,41.2
216,65,41.2
242,148,41.2
37,86,41.2
149,4,41.2
185,76,41.2
51,193,41.2
72,164,41.2
131,229,41.2
108,48,41.2
55,216,41.2
51,229,41.2
152,265,41.14
36,41,41.14
37,132,41.13
228,238,41.07
74,233,41.04
95,236,41
66,42,41
123,132,41
41,45,41
65,168,41
197,265,41
52,238,41
226,129,41
7,256,41
132,179,41
71,177,41
95,158,41
83,129,41
191,265,41
190,161,41
37,239,40.93
116,4,40.92
33,108,40.89
159,51,40.83
244,231,40.78
14,144,40.65
29,177,40.61
95,144,40.6
166,171,40.56
41,80,40.55
40,262,40.52
66,24,40.52
25,223,40.5
95,244,40.5
43,257,40.5
166,96,40.5
41,97,40.5
244,4,40.5
65,236,40.5
129,36,40.5
7,134,40.5
75,121,40.5
52,236,40.5
166,189,40.5
129,48,40.5
7,219,40.5
78,151,40.5
146,180,40.5
212,220,40.5
166,148,40.5
75,42,40.5
256,42,40.46
42,100,40.43
79,138,40.35
228,137,40.32
31,230,40.28
230,70,40.23
51,159,40.22
33,21,40.21
97,78,40.2
14,124,40.2
71,229,40.2
89,140,40.2
191,113,40.2
160,88,40.2
95,165,40.2
165,236,40.2
200,93,40.2
117,196,40.2
25,166,40.2
72,170,40.2
97,205,40.2
61,122,40.2
81,236,40.2
95,247,40.2
219,168,40.2
49,60,40.2
14,39,40.2
121,241,40.2
91,215,40.2
201,28,40.2
200,68,40.2
141,131,40.2
223,76,40.2
69,45,40.2
165,233,40.2
16,218,40.19
98,42,40.18
220,141,40.12
163,138,40.11
42,255,40.07
106,262,40.04
192,132,40
95,197,40
132,98,40
157,62,40
7,64,40
129,77,40
197,76,40
241,20,40
82,43,40
260,68,40
223,37,40
80,65,40
42,264,40
7,56,40
139,139,40
131,264,40
129,181,40
134,196,40
134,16,40
74,228,40
192,255,40
82,10,40
242,174,40
260,162,40
225,225,40
152,138,40
244,68,40
134,164,40
173,173,40
82,42,40
66,137,40
260,17,40
244,95,40
83,171,40
226,265,40
7,263,40
244,237,40
129,239,40
66,233,40
36,256,40
112,112,40
65,96,40
134,113,40
80,87,40
129,198,40
24,24,40
36,134,40
129,100,40
255,14,40
73,138,40
49,49,40
7,188,40
243,246,40
37,264,40
80,246,40
244,170,40
80,255,40
97,186,40
80,88,40
196,134,40
89,137,40
66,170,40
116,232,40
130,170,40
65,142,40
134,141,40
97,164,40
7,63,40
228,260,40
181,7,39.96
220,68,39.95
169,140,39.95
218,16,39.88
185,127,39.86
71,181,39.85
265,229,39.84
17,76,39.74
95,140,39.71
41,65,39.69
42,148,39.67
69,90,39.67
169,141,39.65
137,70,39.6
246,71,39.59
223,239,39.58
42,92,39.53
75,80,39.5
166,255,39.5
188,239,39.5
97,7,39.5
120,134,39.5
75,231,39.5
65,55,39.5
43,107,39.5
146,130,39.5
95,231,39.5
152,79,39.5
244,209,39.5
197,82,39.5
75,56,39.5
24,255,39.5
43,256,39.5
210,228,39.5
255,93,39.31
225,132,39.3
54,41,39.27
116,88,39.24
174,168,39.2
10,260,39.2
55,25,39.2
185,170,39.2
159,174,39.2
20,168,39.2
63,191,39.2
134,230,39.2
212,191,39.2
231,116,39.2
91,237,39.2
220,41,39.2
174,51,39.2
254,167,39.2
10,186,39.2
215,170,39.2
61,265,39.2
168,75,39.2
14,229,39.2
22,198,39.2
97,167,39.2
213,216,39.2
10,83,39.2
129,228,39.2
232,232,39.2
122,117,39.2
167,188,39.2
76,223,39.2
117,65,39.2
159,254,39.2
183,234,39.2
149,205,39.2
168,241,39.2
168,242,39.2
225,92,39.2
51,137,39.2
76,55,39.2
174,69,39.2
188,86,39.2
17,215,39.19
89,48,39.14
243,231,39.01
223,114,39
66,116,39
82,260,39
244,152,39
146,226,39
146,89,39
260,14,39
41,82,39
75,249,39
83,70,39
66,152,39
244,88,39
166,95,39
136,152,39
49,142,39
173,63,39
41,40,39
75,82,39
95,179,39
244,196,39
165,258,39
260,83,39
82,244,39
7,111,39
61,48,39
129,243,39
75,58,39
119,136,39
129,177,39
43,52,39
228,163,39
21,123,39
43,148,39
244,226,39
61,100,38.97
42,261,38.94
74,17,38.89
37,138,38.85
134,137,38.8
31,161,38.79
243,186,38.79
159,265,38.78
65,151,38.76
235,68,38.74
7,231,38.73
25,14,38.73
244,144,38.69
234,138,38.64
41,231,38.57
198,142,38.56
74,106,38.5
188,223,38.5
131,86,38.5
95,142,38.5
181,50,38.5
244,148,38.5
134,75,38.5
74,33,38.5
244,79,38.5
7,216,38.5
265,136,38.5
129,196,38.5
112,246,38.5
243,192,38.5
166,88,38.5
75,46,38.5
43,17,38.5
7,175,38.5
97,100,38.5
61,229,38.5
223,82,38.5
75,114,38.5
193,49,38.5
33,55,38.5
166,226,38.5
130,164,38.5
196,82,38.5
195,236,38.5
181,166,38.5
146,231,38.5
196,226,38.5
129,191,38.5
75,51,38.5
17,129,38.41
61,141,38.4
74,49,38.32
106,142,38.31
51,42,38.2
220,246,38.2
188,162,38.2
75,31,38.2
117,35,38.2
168,25,38.2
17,75,38.2
183,130,38.2
70,20,38.2
14,142,38.2
188,218,38.2
127,4,38.2
167,45,38.2
22,90,38.2
72,229,38.2
25,159,38.2
61,92,38.2
35,55,38.2
181,150,38.2
189,138,38.19
126,90,38.18
91,231,38.11
61,179,38.06
49,138,38.03
243,137,38
173,258,38
95,237,38
95,68,38
130,79,38
116,107,38
7,157,38
166,196,38
174,75,38
200,237,38
116,151,38
244,107,38
166,200,38
181,116,38
134,33,38
74,169,38
134,7,38
75,160,38
97,236,38
196,196,38
130,129,38
92,33,38
134,225,38
226,236,38
25,55,38
243,235,38
36,166,38
157,198,38
75,135,38
244,256,38
92,19,38
92,62,38
41,240,38
83,249,38
235,69,38
7,129,38
43,186,38
243,234,38
147,249,38
74,217,38
130,97,38
174,229,38
47,138,37.91
80,166,37.84
15,157,37.82
42,18,37.81
177,210,37.77
223,163,37.75
75,240,37.68
71,219,37.65
61,230,37.62
174,262,37.55
198,74,37.55
220,236,37.54
235,161,37.52
244,236,37.5
25,256,37.5
7,258,37.5
72,130,37.5
120,196,37.5
116,79,37.5
190,236,37.5
82,239,37.5
102,82,37.5
244,234,37.5
116,230,37.5
188,137,37.5
65,42,37.5
260,82,37.5
95,162,37.5
51,31,37.5
7,181,37.5
166,45,37.5
196,56,37.5
33,91,37.5
52,35,37.5
74,75,37.5
32,75,37.5
41,242,37.5
63,134,37.5
248,136,37.5
7,186,37.5
127,88,37.5
93,92,37.5
37,83,37.5
131,145,37.49
49,237,37.46
152,41,37.43
39,33,37.37
41,255,37.31
243,226,37.28
116,82,37.27
263,240,37.2
150,17,37.2
77,55,37.2
200,236,37.2
55,77,37.2
86,134,37.2
197,7,37.2
42,125,37.19
74,231,37.18
61,43,37.15
42,144,37.07
82,70,37
7,61,37
95,49,37
244,252,37
130,188,37
43,198,37
215,203,37
226,28,37
74,234,37
7,130,37
92,225,37
255,186,37
24,36,37
74,40,37
116,195,37
134,179,37
166,242,37
33,29,37
190,237,37
188,196,37
74,13,36.98
17,50,36.92
189,263,36.7
243,114,36.65
7,261,36.61
7,158,36.61
244,13,36.55
244,114,36.55
135,62,36.52
244,211,36.5
74,181,36.5
96,82,36.5
175,92,36.5
82,211,36.5
74,47,36.5
25,39,36.5
7,252,36.5
129,174,36.5
95,79,36.5
95,42,36.5
7,164,36.5
181,229,36.5
95,90,36.5
75,198,36.5
7,114,36.5
130,234,36.5
82,209,36.5
134,168,36.5
82,216,36.5
92,134,36.5
138,132,36.5
138,82,36.5
253,92,36.5
41,249,36.5
55,11,36.5
33,237,36.5
241,138,36.5
182,152,36.44
92,132,36.39
188,79,36.37
107,138,36.34
116,185,36.3
33,239,36.28
159,68,36.25
75,205,36.2
121,234,36.2
69,242,36.2
63,233,36.2
56,61,36.2
24,65,36.2
177,226,36.2
208,140,36.2
188,22,36.2
121,39,36.2
205,157,36.2
61,161,36.2
200,48,36.2
252,243,36.2
188,121,36.2
75,256,36.12
7,65,36.05
97,48,36
75,40,36
95,161,36
263,75,36
7,125,36
174,43,36
55,35,36
92,151,36
177,196,36
129,157,36
166,107,36
223,236,36
80,61,36
95,75,36
25,75,36
74,131,36
75,70,36
95,65,36
42,87,36
152,42,36
95,262,36
43,65,36
181,22,36
95,122,36
236,82,36
43,49,36
196,161,36
260,19,36
7,87,36
49,33,36
74,134,36
89,170,36
143,138,35.99
255,26,35.98
7,189,35.98
41,32,35.97
223,61,35.96
112,265,35.86
66,74,35.85
108,14,35.83
127,161,35.77
225,100,35.72
41,169,35.7
174,247,35.7
116,87,35.7
41,220,35.7
20,247,35.7
18,41,35.7
41,94,35.7
247,78,35.7
51,94,35.7
75,169,35.7
169,259,35.7
241,168,35.7
208,168,35.7
134,70,35.7
169,74,35.7
41,47,35.7
174,159,35.7
51,235,35.7
168,20,35.7
247,220,35.7
169,254,35.7
247,250,35.7
159,78,35.7
49,151,35.65
17,68,35.61
190,50,35.57
42,33,35.5
41,107,35.5
166,213,35.5
53,82,35.5
42,254,35.5
244,249,35.5
260,257,35.5
166,158,35.5
89,255,35.5
166,7,35.5
95,249,35.5
97,42,35.5
168,48,35.5
130,62,35.5
116,144,35.5
52,168,35.5
195,230,35.5
41,259,35.5
41,140,35.5
134,186,35.5
92,37,35.5
43,129,35.5
95,170,35.5
216,130,35.5
92,247,35.5
43,241,35.5
17,26,35.5
244,246,35.5
97,39,35.5
127,127,35.5
66,236,35.5
244,224,35.5
130,37,35.5
33,230,35.5
160,226,35.5
52,166,35.5
197,95,35.5
97,144,35.5
31,238,35.46
145,133,35.46
181,142,35.38
168,138,35.3
113,138,35.26
188,193,35.26
51,200,35.2
129,185,35.2
41,95,35.2
61,21,35.2
14,76,35.2
17,263,35.2
123,234,35.2
108,77,35.2
139,25,35.2
51,223,35.2
91,79,35.2
65,24,35.2
21,170,35.2
257,236,35.2
247,249,35.2
139,71,35.2
7,81,35.2
25,167,35.2
22,170,35.2
42,49,35.2
222,117,35.2
188,163,35.2
78,170,35.2
65,210,35.2
78,129,35.2
213,164,35.2
14,137,35.2
182,48,35.2
169,79,35.2
51,51,35.2
247,16,35.2
167,49,35.2
89,141,35.2
201,85,35.2
255,149,35.18
223,17,35.16
42,114,35.15
91,88,35.14
74,259,35.13
25,82,35.11
42,259,35.08
33,75,35.05
157,24,35.05
3,132,35
174,174,35
24,66,35
82,236,35
75,235,35
41,88,35
192,122,35
66,87,35
216,216,35
65,198,35
80,112,35
192,216,35
35,108,35
253,93,35
244,263,35
80,230,35
136,119,35
215,197,35
166,13,35
244,229,35
130,7,35
41,211,35
75,68,35
134,74,35
33,14,35
97,75,35
82,74,35
235,60,35
66,83,35
94,265,35
83,226,35
130,72,35
217,140,35
177,264,35
260,124,35
55,181,35
93,80,35
82,215,35
67,188,35
241,141,35
7,28,35
134,49,35
74,112,35
130,138,35
188,138,35
66,79,35
220,237,35
97,137,35
80,33,35
7,161,35
43,95,35
74,232,35
243,107,35
7,74,35
43,33,35
7,200,35
167,20,35
130,100,35
43,13,35
66,225,35
97,14,35
82,258,35
82,76,35
97,166,35
130,73,35
95,209,35
179,131,35
129,252,35
166,87,35
66,33,35
192,198,35
129,113,35
213,153,35
223,231,35
97,264,35
14,264,35
66,246,35
95,229,35
78,186,35
82,25,34.99
65,95,34.95
7,148,34.85
75,252,34.84
152,232,34.83
97,43,34.74
89,50,34.7
49,140,34.69
66,7,34.69
198,179,34.68
33,164,34.65
146,138,34.64
256,43,34.64
35,137,34.62
42,113,34.56
42,13,34.54
41,87,34.5
130,202,34.5
134,145,34.5
112,228,34.5
223,246,34.5
75,248,34.5
70,61,34.5
173,56,34.5
223,197,34.5
129,130,34.5
95,37,34.5
25,76,34.5
258,265,34.5
150,228,34.5
223,95,34.5
260,211,34.5
168,95,34.5
97,263,34.5
95,100,34.5
129,63,34.5
166,43,34.5
75,241,34.5
244,161,34.5
260,220,34.5
190,79,34.5
82,127,34.5
244,162,34.5
41,79,34.5
260,121,34.5
83,173,34.5
181,100,34.5
223,107,34.5
56,36,34.5
65,61,34.5
33,43,34.46
25,162,34.45
49,239,34.39
17,141,34.34
195,55,34.34
7,246,34.3
226,244,34.29
169,129,34.28
225,186,34.25
225,223,34.25
42,211,34.24
256,138,34.22
25,74,34.2
210,177,34.2
243,138,34.2
41,209,34.2
42,226,34.2
212,137,34.2
117,197,34.2
76,88,34.2
102,140,34.2
222,135,34.2
248,161,34.2
95,203,34.2
55,71,34.2
17,161,34.13
159,186,34.1
191,198,34.09
243,230,34.07
166,174,34.07
226,64,34
7,9,34
132,256,34
75,92,34
41,112,34
244,113,34
7,238,34
28,80,34
33,146,34
260,140,34
74,107,34
134,107,34
129,258,34
130,83,34
95,188,34
166,209,34
196,88,34
61,164,34
75,196,34
42,107,34
247,113,34
133,83,34
112,243,34
196,236,34
83,89,34
236,95,34
82,131,34
116,208,34
74,162,34
223,216,34
213,116,34
61,68,34
244,164,34
74,51,34
97,239,34
129,43,34
42,237,34
166,69,34
243,169,34
112,75,34
82,151,34
74,125,34
74,249,34
41,42,34
174,20,34
159,79,34
145,252,34
97,142,34
37,228,33.99
243,237,33.91
68,145,33.85
116,13,33.85
223,68,33.85
61,223,33.84
223,158,33.78
33,48,33.77
69,230,33.77
127,208,33.77
7,229,33.75
63,92,33.72
74,211,33.7
25,143,33.7
167,48,33.67
217,76,33.66
36,246,33.65
48,140,33.62
42,234,33.61
223,142,33.55
36,239,33.53
193,33,33.5
97,233,33.5
65,237,33.5
244,262,33.5
97,262,33.5
181,48,33.5
256,141,33.5
92,164,33.5
68,190,33.5
197,130,33.5
25,50,33.5
190,234,33.5
256,134,33.5
36,228,33.5
74,238,33.5
179,49,33.5
66,238,33.5
244,261,33.5
244,43,33.5
236,33,33.5
82,49,33.5
95,39,33.5
83,260,33.5
75,13,33.5
75,200,33.5
130,39,33.5
168,134,33.5
75,161,33.5
52,22,33.5
166,137,33.5
196,39,33.5
255,152,33.5
74,174,33.5
223,249,33.5
228,210,33.5
41,13,33.5
228,148,33.46
62,265,33.38
42,68,33.37
128,243,33.25
157,236,33.23
65,239,33.21
55,124,33.2
244,97,33.2
28,147,33.2
131,170,33.2
254,74,33.2
252,76,33.2
248,68,33.2
124,55,33.2
86,130,33.2
188,117,33.2
181,262,33.2
216,49,33.2
189,140,33.2
123,39,33.2
74,226,33.2
73,17,33.2
236,177,33.2
82,218,33.2
55,33,33.2
10,7,33.2
225,42,33.2
194,217,33.2
116,261,33.2
121,65,33.2
61,236,33.2
89,164,33.2
182,100,33.2
247,95,33.2
26,161,33.2
256,74,33.2
159,17,33.2
157,261,33.2
76,231,33.2
116,125,33.19
129,237,33.18
61,137,33.18
42,231,33.14
228,170,33.05
66,143,33.02
164,138,33.01
130,201,33
33,234,33
69,48,33
196,209,33
66,161,33
244,254,33
181,230,33
69,186,33
166,114,33
235,136,33
225,129,33
7,37,33
28,264,33
75,259,33
225,26,33
33,162,33
82,238,33
75,234,33
92,162,33
7,41,33
260,13,33
179,116,33
95,217,33
153,265,33
28,112,33
260,102,33
181,231,33
37,142,33
116,145,33
256,188,33
130,112,33
37,215,33
75,48,33
200,42,33
82,121,33
55,117,33
127,138,33
83,230,33
95,137,33
25,239,33
116,148,33
196,129,33
212,233,33
242,119,33
95,189,33
82,68,33
25,25,33
74,244,33
70,33,33
116,231,33
82,248,33
97,230,33
92,173,33
116,170,32.98
7,24,32.95
225,22,32.88
7,97,32.88
7,68,32.87
228,80,32.85
228,36,32.81
52,262,32.8
243,48,32.79
52,229,32.75
243,170,32.69
33,141,32.66
159,70,32.65
35,67,32.64
17,223,32.6
166,144,32.55
112,98,32.55
74,209,32.5
195,163,32.5
75,125,32.5
7,62,32.5
116,192,32.5
7,131,32.5
196,205,32.5
236,256,32.5
41,170,32.5
7,226,32.5
223,234,32.5
166,223,32.5
41,129,32.5
223,92,32.5
65,72,32.5
181,141,32.5
193,116,32.5
244,81,32.5
70,95,32.5
25,151,32.5
255,171,32.5
55,257,32.5
127,100,32.5
193,75,32.5
130,101,32.5
33,151,32.5
244,151,32.5
75,127,32.5
42,141,32.5
116,92,32.5
75,220,32.5
116,238,32.5
95,234,32.5
196,3,32.5
244,233,32.5
66,262,32.5
41,48,32.5
223,130,32.5
82,90,32.5
74,144,32.5
33,82,32.5
80,28,32.5
7,33,32.5
95,164,32.5
41,134,32.5
75,136,32.5
33,223,32.49
194,254,32.48
49,262,32.47
42,230,32.46
37,123,32.45
25,155,32.43
181,260,32.43
147,68,32.32
7,185,32.29
56,90,32.29
7,262,32.25
185,7,32.24
159,170,32.24
7,138,32.24
127,50,32.24
152,182,32.23
36,75,32.22
94,168,32.2
25,210,32.2
18,168,32.2
168,240,32.2
72,10,32.2
168,94,32.2
168,169,32.2
174,167,32.2
197,101,32.2
45,244,32.2
159,250,32.2
259,18,32.2
86,17,32.2
168,47,32.2
244,56,32.2
36,138,32.2
37,68,32.2
152,183,32.2
76,14,32.2
69,237,32.2
91,87,32.2
169,169,32.2
134,69,32.2
215,137,32.2
169,168,32.2
89,65,32.2
215,168,32.2
127,48,32.2
47,140,32.2
60,168,32.2
159,49,32.2
14,77,32.2
168,78,32.2
215,100,32.2
155,55,32.2
201,150,32.2
200,213,32.2
242,41,32.2
129,70,32.2
134,247,32.2
226,42,32.2
169,69,32.2
32,69,32.2
22,124,32.2
244,7,32.2
168,136,32.2
35,158,32.2
252,226,32.19
65,230,32.19
40,239,32.18
61,7,32.15
37,186,32.13
80,239,32.11
243,127,32.1
265,95,32.09
7,78,32.07
29,228,32.01
42,145,32
95,224,32
43,234,32
39,91,32
134,38,32
192,146,32
95,226,32
210,11,32
69,220,32
75,146,32
75,223,32
166,12,32
92,253,32
193,231,32
75,129,32
80,215,32
92,24,32
97,95,32
75,78,32
215,86,32
74,200,32
95,255,32
43,229,32
82,224,32
40,7,32
24,138,32
75,254,32
41,144,32
250,151,32
130,145,32
116,173,32
244,145,32
74,158,32
130,28,32
146,83,32
116,114,32
75,45,32
83,216,32
236,246,32
102,260,32
97,225,32
166,83,32
130,226,32
112,188,31.99
41,113,31.98
61,4,31.87
112,42,31.87
190,249,31.83
243,145,31.79
36,236,31.79
33,142,31.78
116,113,31.78
56,37,31.76
255,164,31.76
225,231,31.74
36,161,31.65
152,231,31.64
152,234,31.61
129,45,31.55
17,178,31.53
166,224,31.52
97,216,31.5
97,161,31.5
196,230,31.5
166,170,31.5
43,125,31.5
25,158,31.5
43,127,31.5
196,232,31.5
152,18,31.5
166,113,31.5
129,121,31.5
52,25,31.5
166,127,31.5
43,75,31.5
260,88,31.5
7,42,31.5
75,230,31.5
7,152,31.5
82,95,31.5
66,100,31.5
49,48,31.5
247,161,31.5
130,16,31.5
33,76,31.5
130,86,31.5
75,213,31.5
92,183,31.5
52,239,31.5
65,74,31.5
196,90,31.5
226,193,31.5
41,254,31.5
82,56,31.5
7,49,31.5
74,80,31.5
41,114,31.5
129,16,31.5
260,57,31.5
74,254,31.5
82,186,31.5
168,79,31.49
7,192,31.49
226,79,31.39
42,4,31.32
42,79,31.32
65,165,31.21
69,174,31.2
73,185,31.2
167,73,31.2
7,209,31.2
116,233,31.2
56,48,31.2
188,233,31.2
179,209,31.2
185,138,31.2
55,91,31.2
228,107,31.2
69,51,31.2
71,10,31.2
181,137,31.2
55,228,31.2
26,107,31.2
188,55,31.2
232,166,31.2
182,140,31.2
35,113,31.2
136,171,31.2
131,218,31.2
40,55,31.2
62,48,31.2
235,138,31.16
41,148,31.13
116,234,31.06
166,232,31.02
171,260,31
260,263,31
244,90,31
74,148,31
66,223,31
42,250,31
255,42,31
65,33,31
75,18,31
7,144,31
95,74,31
102,100,31
82,246,31
70,82,31
47,238,31
74,81,31
256,48,31
247,168,31
74,82,31
75,112,31
65,22,31
25,45,31
225,39,31
185,159,31
82,28,31
74,140,31
75,3,31
7,233,31
25,142,31
197,37,31
61,90,31
7,168,31
65,140,31
41,93,31
42,137,31
92,216,31
65,186,31
74,243,31
181,4,31
260,87,31
190,233,31
166,145,31
255,142,31
82,197,31
220,212,31
35,29,31
43,231,31
75,90,31
73,171,31
196,139,31
260,238,30.99
244,250,30.97
129,66,30.95
37,216,30.91
129,62,30.9
17,246,30.89
41,125,30.86
49,68,30.81
67,66,30.8
25,237,30.8
255,238,30.73
116,186,30.7
25,263,30.7
225,234,30.65
228,37,30.62
181,198,30.6
40,36,30.6
116,229,30.55
244,230,30.51
243,79,30.5
260,131,30.5
95,232,30.5
66,43,30.5
74,114,30.5
145,49,30.5
116,137,30.5
97,82,30.5
55,155,30.5
146,82,30.5
97,91,30.5
244,140,30.5
41,261,30.5
74,208,30.5
10,36,30.5
223,113,30.5
41,158,30.5
258,197,30.5
25,141,30.5
82,181,30.5
33,229,30.5
219,82,30.5
89,186,30.5
25,35,30.5
130,38,30.5
210,108,30.5
191,132,30.5
75,66,30.5
75,260,30.5
92,42,30.5
196,132,30.5
97,129,30.5
260,173,30.5
82,16,30.5
65,14,30.5
97,106,30.5
260,7,30.5
97,85,30.5
215,92,30.5
66,75,30.5
33,161,30.5
226,62,30.5
196,233,30.5
7,166,30.5
82,198,30.5
157,43,30.5
33,89,30.5
166,125,30.5
66,151,30.5
74,164,30.5
166,18,30.5
7,47,30.5
43,246,30.5
212,237,30.5
95,76,30.5
75,41,30.5
244,186,30.5
25,146,30.47
33,165,30.46
97,229,30.44
33,50,30.43
74,246,30.4
243,162,30.39
228,79,30.39
174,179,30.35
250,166,30.33
129,186,30.33
166,249,30.32
97,170,30.32
15,179,30.31
42,186,30.25
92,80,30.24
195,145,30.22
261,24,30.2
32,159,30.2
183,74,30.2
37,7,30.2
248,146,30.2
129,68,30.2
41,185,30.2
55,14,30.2
46,136,30.2
26,76,30.2
168,239,30.2
51,167,30.2
160,140,30.2
177,145,30.2
40,140,30.2
228,108,30.2
198,79,30.2
75,211,30.14
112,181,30.11
220,126,30.1
243,20,30.09
97,76,30.05
49,229,30.05
95,64,30.04
243,163,30.01
85,87,30.01
36,48,30.01
36,145,30.01
152,264,30
157,89,30
112,151,30
180,264,30
7,177,30
260,255,30
80,43,30
75,151,30
42,48,30
65,226,30
33,63,30
179,261,30
49,14,30
42,249,30
17,61,30
36,65,30
41,182,30
129,37,30
75,208,30
80,148,30
134,226,30
65,265,30
74,41,30
223,90,30
171,57,30
191,264,30
129,215,30
181,76,30
80,49,30
258,258,30
65,39,30
66,255,30
66,264,30
196,100,30
25,202,30
247,170,30
25,232,30
97,123,30
66,229,30
150,14,30
241,264,30
196,114,30
76,264,30
166,80,30
260,157,30
134,138,30
191,138,30
145,92,30
25,157,30
173,260,30
36,37,30
74,183,30
74,32,30
147,147,30
65,107,30
36,17,30
41,20,30
247,47,30
42,69,30
82,102,30
126,162,30
53,264,30
185,147,30
168,244,30
66,13,30
74,95,30
74,182,30
121,264,30
41,241,30
52,237,30
197,226,30
190,190,30
225,260,30
41,31,30
54,161,30
225,49,30
147,265,30
95,223,30
97,107,30
129,226,30
166,237,30
92,202,30
242,74,30
75,236,30
74,113,30
56,56,30
244,163,30
61,264,30
216,264,30
260,80,30
42,32,30
83,146,30
67,67,30
130,252,30
82,263,29.95
159,246,29.92
185,168,29.88
18,179,29.88
74,90,29.88
17,158,29.85
66,142,29.85
134,223,29.84
223,169,29.84
37,48,29.82
41,106,29.81
7,196,29.77
213,263,29.76
189,230,29.74
243,265,29.73
107,228,29.73
62,249,29.72
75,94,29.7
106,67,29.7
95,175,29.7
256,100,29.69
116,142,29.69
52,162,29.68
256,76,29.67
129,140,29.66
256,263,29.65
228,4,29.63
7,234,29.56
228,90,29.55
33,143,29.54
179,90,29.54
89,14,29.52
263,158,29.5
75,37,29.5
129,235,29.5
75,171,29.5
74,186,29.5
216,138,29.5
208,196,29.5
33,107,29.5
32,182,29.5
7,162,29.5
75,113,29.5
129,246,29.5
129,238,29.5
130,36,29.5
43,220,29.5
150,61,29.5
40,48,29.5
75,144,29.5
52,161,29.5
166,261,29.5
112,263,29.5
7,88,29.5
95,7,29.5
40,234,29.5
223,33,29.5
129,15,29.5
75,79,29.5
55,108,29.5
244,158,29.5
65,262,29.5
258,134,29.5
95,38,29.5
181,63,29.5
95,15,29.5
82,230,29.5
76,33,29.5
116,241,29.5
134,146,29.5
181,155,29.5
75,143,29.5
66,90,29.5
147,116,29.5
7,75,29.5
10,216,29.5
129,230,29.5
166,238,29.5
179,232,29.5
116,48,29.5
179,25,29.5
254,247,29.5
95,83,29.5
24,144,29.5
41,145,29.5
95,193,29.5
55,39,29.5
42,232,29.5
49,233,29.47
189,137,29.47
182,116,29.46
41,229,29.45
166,234,29.43
78,159,29.43
213,185,29.42
37,80,29.39
37,249,29.37
166,248,29.36
225,188,29.36
75,65,29.35
192,70,29.35
15,135,29.34
42,90,29.3
243,141,29.25
180,226,29.24
61,158,29.23
41,141,29.23
256,236,29.22
166,4,29.21
69,254,29.2
60,75,29.2
225,138,29.2
254,42,29.2
61,162,29.2
74,161,29.2
210,14,29.2
145,185,29.2
93,49,29.2
63,65,29.2
73,159,29.2
244,45,29.2
87,168,29.2
262,181,29.2
82,65,29.2
108,155,29.2
39,10,29.2
49,95,29.2
39,97,29.2
76,25,29.2
130,63,29.2
258,233,29.2
134,76,29.2
185,70,29.2
243,236,29.2
17,14,29.2
29,106,29.2
188,130,29.2
108,26,29.2
188,230,29.2
40,82,29.2
95,222,29.2
101,56,29.2
235,137,29.2
69,142,29.2
185,220,29.2
69,138,29.19
22,225,29.17
42,158,29.15
78,74,29.15
247,179,29.15
85,79,29.13
65,161,29.13
37,129,29.12
66,237,29.11
166,164,29.1
217,77,29.1
250,235,29.06
168,232,29.04
42,170,29.03
116,162,29.03
42,246,29.02
36,50,29.01
75,202,29
25,188,29
223,4,29
75,229,29
192,53,29
97,158,29
75,7,29
260,261,29
116,90,29
41,4,29
92,135,29
24,141,29
212,75,29
65,35,29
152,261,29
24,158,29
75,183,29
42,112,29
236,231,29
7,198,29
92,258,29
216,197,29
24,213,29
166,212,29
255,263,29
28,260,29
260,75,29
129,125,29
7,142,29
82,53,29
196,216,29
166,168,29
82,144,29
7,79,29
43,211,29
97,163,29
92,112,29
75,233,29
75,238,29
55,227,29
242,116,29
223,256,29
52,157,29
65,163,29
83,225,29
181,233,29
179,262,29
40,227,28.95
116,7,28.94
243,140,28.93
41,68,28.91
25,49,28.9
17,224,28.88
227,225,28.85
33,170,28.81
177,123,28.81
127,163,28.78
145,61,28.73
42,169,28.7
167,75,28.7
126,20,28.7
169,126,28.7
235,168,28.7
169,81,28.7
78,235,28.7
126,247,28.7
247,18,28.7
94,247,28.7
168,235,28.7
89,97,28.7
47,247,28.7
168,60,28.7
235,244,28.7
169,247,28.7
254,78,28.7
169,116,28.7
169,42,28.7
18,247,28.7
69,250,28.7
247,247,28.7
97,37,28.7
14,108,28.7
116,246,28.68
225,162,28.62
152,31,28.58
61,226,28.57
181,79,28.55
91,255,28.55
95,102,28.5
75,148,28.5
56,82,28.5
41,230,28.5
74,239,28.5
82,148,28.5
82,36,28.5
95,146,28.5
41,232,28.5
215,265,28.5
193,244,28.5
75,158,28.5
168,148,28.5
25,43,28.5
129,135,28.5
112,90,28.5
97,258,28.5
74,20,28.5
24,113,28.5
25,145,28.5
66,140,28.5
75,87,28.5
116,211,28.5
196,43,28.5
49,63,28.5
43,87,28.5
65,143,28.5
43,100,28.5
52,114,28.5
223,129,28.5
196,79,28.5
169,162,28.5
242,265,28.5
260,230,28.5
41,238,28.5
49,170,28.5
260,52,28.5
74,53,28.5
198,138,28.48
112,88,28.44
17,164,28.41
83,158,28.41
82,143,28.4
193,61,28.39
225,13,28.35
166,50,28.31
82,48,28.28
145,25,28.25
228,255,28.24
25,129,28.24
243,164,28.2
166,47,28.2
140,17,28.2
185,171,28.2
220,48,28.2
191,219,28.2
89,234,28.2
235,142,28.2
77,155,28.2
222,181,28.2
37,170,28.2
167,170,28.2
95,9,28.2
112,238,28.2
205,86,28.2
200,75,28.2
191,173,28.2
97,227,28.2
10,71,28.2
14,29,28.2
181,170,28.2
140,37,28.2
209,22,28.2
193,235,28.2
127,141,28.2
227,188,28.2
37,165,28.2
39,106,28.2
145,189,28.17
41,246,28.15
41,137,28.14
213,83,28.13
37,197,28.11
61,193,28.06
223,243,28.05
243,100,28.03
254,168,28.01
123,150,28
244,50,28
97,89,28
133,89,28
66,186,28
97,141,28
28,130,28
160,179,28
65,77,28
72,123,28
166,100,28
82,9,28
25,262,28
25,234,28
41,208,28
136,243,28
42,3,28
192,80,28
75,226,28
98,260,28
166,220,28
255,49,28
168,100,28
74,196,28
51,244,28
236,87,28
83,25,28
42,202,28
83,92,28
205,130,28
129,197,28
97,165,28
130,198,28
263,209,28
74,170,28
152,13,28
82,100,28
243,68,28
241,238,28
130,177,28
179,75,28
243,142,28
83,131,28
152,213,28
155,37,28
247,234,28
40,233,28
236,125,28
166,231,28
166,162,28
33,232,28
33,231,28
169,236,28
42,163,28
168,3,28
129,107,28
179,130,28
65,67,28
260,134,28
255,163,28
135,265,28
75,20,28
7,92,28
17,249,27.89
61,237,27.84
97,50,27.82
116,100,27.76
74,31,27.75
65,100,27.75
136,151,27.74
66,177,27.74
225,226,27.72
69,141,27.7
83,73,27.7
196,138,27.7
235,238,27.67
7,236,27.58
37,50,27.58
106,246,27.54
74,230,27.5
82,77,27.5
217,48,27.5
236,249,27.5
193,37,27.5
82,63,27.5
196,124,27.5
252,7,27.5
236,145,27.5
97,237,27.5
65,71,27.5
196,219,27.5
128,238,27.5
95,17,27.5
260,95,27.5
65,85,27.5
24,231,27.5
263,261,27.5
244,142,27.5
112,74,27.5
41,78,27.5
174,244,27.5
216,191,27.5
138,216,27.5
130,258,27.5
129,74,27.5
265,168,27.5
97,72,27.5
152,113,27.5
7,136,27.5
97,35,27.5
166,233,27.5
10,197,27.5
41,100,27.5
41,173,27.5
97,61,27.5
130,179,27.5
265,244,27.5
66,113,27.5
192,173,27.5
129,102,27.5
65,4,27.5
74,50,27.5
65,91,27.5
33,36,27.5
41,200,27.5
41,56,27.5
65,63,27.5
223,41,27.5
129,143,27.5
65,155,27.5
244,48,27.5
17,162,27.5
226,134,27.5
33,145,27.49
7,140,27.48
42,161,27.46
243,239,27.46
225,79,27.42
68,42,27.42
102,188,27.41
74,137,27.4
179,36,27.37
49,91,27.37
37,107,27.35
52,165,27.32
42,162,27.31
223,75,27.23
256,143,27.23
116,140,27.21
106,91,27.2
188,228,27.2
92,160,27.2
33,71,27.2
76,97,27.2
219,86,27.2
255,56,27.2
129,52,27.2
14,33,27.2
136,242,27.2
152,153,27.2
95,157,27.2
254,235,27.16
65,146,27.14
17,170,27.13
82,175,27.12
82,142,27.1
89,148,27.08
225,249,27.06
14,89,27.04
35,195,27.04
256,260,27.03
228,256,27.03
54,162,27.03
78,263,27.01
112,87,27.01
43,169,27
95,61,27
121,258,27
97,140,27
196,191,27
7,82,27
215,82,27
95,225,27
196,164,27
112,166,27
116,127,27
41,186,27
65,36,27
89,85,27
37,234,27
7,73,27
52,246,27
136,167,27
97,67,27
38,130,27
225,155,27
166,169,27
152,164,27
244,242,27
192,129,27
75,186,27
82,45,27
95,121,27
260,170,27
166,235,27
33,45,27
65,164,27
134,28,27
97,146,27
86,216,27
24,234,27
159,50,27
43,114,27
92,95,27
41,90,27
47,212,27
127,142,27
43,260,27
75,255,27
244,75,27
112,173,27
193,129,27
220,152,27
75,100,27
83,263,27
97,63,27
43,194,27
195,246,27
82,75,26.92
196,137,26.88
166,136,26.87
265,28,26.84
16,82,26.84
198,25,26.83
243,263,26.82
116,179,26.81
39,17,26.81
152,68,26.8
127,24,26.79
228,68,26.76
7,107,26.75
7,36,26.75
95,138,26.71
33,79,26.68
41,224,26.66
181,37,26.66
119,226,26.65
255,138,26.64
112,43,26.63
71,29,26.62
179,48,26.62
74,48,26.6
255,13,26.58
89,37,26.58
36,257,26.55
74,241,26.51
196,170,26.5
242,247,26.5
134,260,26.5
75,246,26.5
260,100,26.5
250,136,26.5
66,234,26.5
74,87,26.5
10,82,26.5
95,215,26.5
134,132,26.5
43,213,26.5
42,78,26.5
129,141,26.5
83,28,26.5
41,58,26.5
95,101,26.5
43,238,26.5
181,232,26.5
42,47,26.5
66,14,26.5
66,82,26.5
52,224,26.5
7,244,26.5
152,137,26.5
129,248,26.5
66,158,26.5
95,16,26.5
196,7,26.5
82,15,26.5
116,249,26.5
215,253,26.5
75,145,26.5
24,7,26.5
33,263,26.5
226,260,26.5
33,68,26.5
82,124,26.5
65,21,26.5
196,217,26.5
65,82,26.5
255,223,26.5
243,50,26.5
97,34,26.5
9,260,26.5
226,171,26.5
82,202,26.5
112,114,26.5
7,50,26.5
74,264,26.5
39,29,26.5
85,148,26.5
130,139,26.5
241,250,26.5
159,161,26.5
25,170,26.5
196,197,26.5
82,157,26.5
167,127,26.5
134,9,26.5
116,68,26.5
166,229,26.5
132,82,26.5
7,43,26.5
160,107,26.5
75,83,26.5
116,248,26.5
82,145,26.5
17,228,26.49
7,95,26.48
250,174,26.47
190,145,26.47
157,65,26.46
89,158,26.43
255,236,26.43
195,177,26.4
159,137,26.33
222,132,26.3
189,260,26.27
89,36,26.27
220,42,26.24
49,123,26.22
29,14,26.2
225,263,26.2
235,239,26.2
17,91,26.2
129,73,26.2
146,41,26.2
63,56,26.2
77,165,26.2
85,14,26.2
260,168,26.2
139,216,26.2
41,136,26.2
56,145,26.2
80,76,26.2
75,185,26.2
243,185,26.2
165,177,26.2
188,157,26.2
112,231,26.2
129,95,26.2
17,222,26.2
139,86,26.2
25,22,26.2
25,91,26.2
190,113,26.2
25,123,26.2
74,160,26.2
167,51,26.2
208,94,26.2
198,195,26.2
37,28,26.2
37,40,26.2
198,65,26.2
257,77,26.2
182,41,26.2
63,82,26.2
255,158,26.2
76,210,26.2
82,97,26.2
25,124,26.2
63,97,26.2
223,31,26.2
62,170,26.2
49,162,26.2
35,25,26.2
223,185,26.2
235,140,26.2
95,233,26.2
16,134,26.2
255,143,26.16
244,129,26.1
222,217,26.08
152,233,26.03
116,200,26
260,135,26
95,124,26
83,48,26
97,26,26
260,92,26
41,75,26
83,138,26
166,68,26
25,260,26
168,157,26
65,188,26
235,235,26
74,92,26
52,225,26
82,34,26
74,248,26
82,252,26
43,144,26
75,119,26
82,114,26
74,59,26
181,91,26
116,243,26
260,15,26
65,178,26
41,18,26
75,209,26
138,129,26
181,188,26
33,67,26
7,102,26
82,69,26
181,234,26
226,196,26
210,62,26
193,102,26
65,68,26
205,197,26
190,14,26
129,166,26
83,217,26
20,18,26
179,164,26
41,244,26
260,28,26
244,179,26
41,143,26
7,100,26
65,227,26
75,193,26
82,92,26
210,55,26
260,33,26
43,244,26
130,76,26
244,127,26
130,135,26
243,244,26
29,76,26
195,4,25.97
39,197,25.97
225,4,25.92
25,229,25.9
52,226,25.89
33,178,25.88
49,90,25.87
42,50,25.85
89,76,25.82
255,141,25.81
131,138,25.78
22,65,25.74
127,242,25.72
65,50,25.7
33,100,25.7
7,135,25.69
26,155,25.69
135,223,25.67
230,66,25.66
102,145,25.65
260,65,25.62
189,90,25.61
80,138,25.6
152,246,25.59
75,88,25.58
196,76,25.55
66,162,25.54
260,42,25.53
33,137,25.53
255,85,25.53
92,64,25.5
121,95,25.5
66,164,25.5
152,186,25.5
152,200,25.5
24,114,25.5
196,218,25.5
95,134,25.5
129,75,25.5
33,246,25.5
226,61,25.5
260,53,25.5
255,48,25.5
243,229,25.5
166,230,25.5
192,7,25.5
34,140,25.5
75,182,25.5
112,141,25.5
83,197,25.5
112,48,25.5
61,148,25.5
97,145,25.5
33,233,25.5
244,208,25.5
129,236,25.5
129,162,25.5
75,244,25.5
83,95,25.5
152,158,25.5
33,83,25.5
43,249,25.5
74,185,25.5
196,198,25.5
189,249,25.5
134,82,25.5
52,50,25.5
82,134,25.5
152,100,25.5
181,177,25.5
33,72,25.5
152,90,25.5
75,107,25.5
42,220,25.5
74,127,25.5
69,238,25.5
145,197,25.5
145,138,25.5
116,164,25.5
166,161,25.5
129,170,25.5
43,31,25.5
16,121,25.5
241,247,25.5
17,82,25.5
112,41,25.5
75,179,25.5
92,83,25.5
74,45,25.5
121,16,25.5
244,174,25.5
244,42,25.5
166,129,25.5
75,32,25.5
66,145,25.5
66,198,25.5
193,65,25.5
244,238,25.5
82,113,25.5
75,168,25.5
223,135,25.49
37,257,25.47
37,195,25.47
177,89,25.46
42,164,25.44
129,41,25.42
41,248,25.41
25,233,25.39
49,137,25.37
255,140,25.36
65,89,25.36
77,112,25.33
255,68,25.26
42,182,25.23
61,196,25.23
247,94,25.2
169,159,25.2
51,174,25.2
247,169,25.2
94,248,25.2
159,169,25.2
129,56,25.2
126,75,25.2
247,127,25.2
47,94,25.2
35,165,25.2
159,94,25.2
35,181,25.2
259,250,25.2
167,235,25.2
77,97,25.2
94,69,25.2
243,18,25.2
63,39,25.2
235,247,25.2
185,223,25.2
181,14,25.2
242,147,25.2
94,147,25.2
35,216,25.2
94,159,25.2
225,193,25.2
247,235,25.2
195,61,25.2
181,39,25.2
95,70,25.2
254,20,25.2
51,213,25.2
213,241,25.2
169,212,25.2
77,49,25.2
177,216,25.17
80,249,25.17
127,143,25.16
228,89,25.15
74,70,25.14
94,41,25.12
244,94,25.12
7,225,25.11
188,148,25.09
166,236,25.08
260,48,25.07
197,138,25.05
95,191,25.03
195,186,25.01
130,92,25.01
74,7,25.01
41,213,25
83,100,25
74,242,25
95,260,25
43,223,25
97,102,25
201,210,25
75,170,25
39,216,25
7,237,25
130,222,25
66,211,25
181,89,25
65,170,25
166,186,25
69,136,25
243,243,25
73,252,25
24,68,25
93,96,25
260,43,25
53,92,25
134,53,25
253,226,25
65,234,25
82,37,25
66,231,25
196,130,25
129,7,25
75,4,25
146,163,25
92,179,25
71,71,25
65,148,25
106,106,25
213,159,25
192,82,25
75,262,25
253,129,25
74,237,25
85,85,25
92,15,25
192,138,25
43,243,25
242,167,25
75,60,25
14,14,25
17,264,25
7,83,25
7,239,25
216,37,25
65,152,25
11,29,25
166,246,25
49,148,25
212,42,25
37,196,25
130,157,25
28,258,25
57,173,25
70,242,25
40,264,25
180,180,25
152,170,25
159,164,25
52,52,25
116,264,25
75,237,25
65,80,25
236,265,25
250,244,25
63,63,25
130,180,25
130,203,25
177,177,25
7,171,25
129,229,25
92,146,25
97,77,25
202,95,25
93,82,25
82,7,25
25,264,25
65,158,25
236,114,25
152,140,25
66,72,25
242,159,25
191,216,25
33,112,25
247,259,25
95,56,25
76,76,25
134,101,25
66,88,25
130,98,25
250,250,25
226,100,25
192,264,25
171,171,25
130,205,25
116,239,25
225,264,25
80,35,25
72,72,25
97,255,25
82,171,25
82,189,25
28,132,25
43,7,25
256,261,25
93,98,25
18,127,25
42,152,25
82,255,25
74,142,25
225,261,24.99
42,7,24.95
49,146,24.94
159,48,24.93
25,71,24.9
195,11,24.9
167,3,24.89
80,100,24.88
188,36,24.88
112,223,24.86
210,71,24.79
223,138,24.78
47,75,24.73
129,234,24.72
146,17,24.71
181,246,24.71
97,71,24.7
144,37,24.7
262,138,24.68
189,107,24.64
255,229,24.63
37,113,24.63
66,85,24.6
255,217,24.59
80,229,24.57
42,229,24.57
256,161,24.56
63,197,24.55
189,234,24.55
243,43,24.55
74,146,24.54
146,66,24.52
58,247,24.5
33,22,24.5
24,233,24.5
74,141,24.5
166,60,24.5
74,250,24.5
43,158,24.5
193,151,24.5
260,197,24.5
174,42,24.5
65,26,24.5
75,141,24.5
83,53,24.5
147,75,24.5
65,87,24.5
95,19,24.5
242,168,24.5
65,162,24.5
166,141,24.5
116,161,24.5
66,35,24.5
235,126,24.5
152,147,24.5
166,126,24.5
25,68,24.5
213,244,24.5
43,68,24.5
129,93,24.5
236,138,24.5
166,140,24.5
7,230,24.5
80,192,24.5
41,164,24.5
24,48,24.5
65,141,24.5
97,68,24.5
75,162,24.5
255,133,24.5
152,162,24.5
43,232,24.5
7,249,24.5
80,75,24.5
7,113,24.5
181,165,24.5
42,74,24.5
227,55,24.5
179,237,24.5
226,263,24.5
82,179,24.5
112,40,24.5
116,163,24.5
42,200,24.5
42,212,24.5
74,167,24.5
116,237,24.5
193,45,24.5
226,65,24.5
260,148,24.5
74,157,24.5
24,43,24.5
24,249,24.5
166,202,24.5
260,252,24.5
255,129,24.5
145,192,24.5
129,142,24.45
129,249,24.45
17,4,24.45
33,260,24.45
112,79,24.44
49,145,24.43
255,262,24.4
26,52,24.35
41,146,24.34
181,13,24.33
91,181,24.32
200,166,24.31
47,254,24.31
168,213,24.29
37,232,24.28
181,36,24.27
247,241,24.27
7,163,24.27
181,255,24.26
61,125,24.24
36,233,24.24
61,195,24.2
182,75,24.2
17,196,24.2
21,177,24.2
213,119,24.2
14,155,24.2
51,47,24.2
188,97,24.2
97,90,24.2
260,107,24.2
62,231,24.2
228,21,24.2
196,17,24.2
208,32,24.2
46,3,24.2
25,36,24.2
21,33,24.2
182,119,24.2
63,71,24.2
41,250,24.2
198,50,24.2
127,250,24.2
82,161,24.2
213,235,24.2
29,155,24.2
165,39,24.2
89,68,24.2
129,161,24.2
65,177,24.2
225,90,24.2
72,33,24.2
51,126,24.2
42,70,24.2
33,177,24.2
76,80,24.2
192,131,24.2
97,155,24.2
20,69,24.2
14,150,24.2
240,242,24.2
219,76,24.2
60,81,24.2
42,146,24.16
255,87,24.13
33,35,24.13
40,68,24.12
49,89,24.11
82,141,24.09
181,112,24.06
49,165,24.02
41,50,24
190,148,24
25,227,24
247,50,24
95,218,24
169,167,24
52,14,24
97,177,24
66,68,24
24,137,24
260,171,24
33,61,24
97,62,24
95,129,24
236,148,24
82,162,24
134,37,24
226,262,24
43,90,24
228,188,24
121,130,24
255,261,24
157,196,24
235,32,24
166,90,24
196,15,24
223,48,24
97,79,24
256,170,24
198,258,24
52,188,24
41,262,24
74,4,24
146,92,24
80,263,24
24,220,24
208,147,24
255,257,24
258,28,24
116,43,24
52,107,24
134,19,24
74,212,24
181,83,24
260,145,24
119,151,24
166,244,24
25,163,24
197,28,24
258,130,24
52,61,24
97,231,24
52,37,24
247,230,24
69,74,24
210,227,24
75,212,24
196,112,24
185,241,24
127,126,24
25,211,24
247,138,24
226,75,24
136,43,24
43,50,24
24,79,24
152,229,24
168,164,24
41,237,24
22,29,24
166,167,24
95,252,24
223,93,24
97,234,24
247,137,24
74,220,24
42,43,24
243,212,24
43,137,24
33,158,24
169,263,23.97
61,88,23.97
181,145,23.97
112,142,23.96
78,75,23.94
146,151,23.93
49,79,23.91
255,7,23.9
157,232,23.86
190,80,23.83
127,168,23.83
76,181,23.82
179,142,23.81
35,255,23.8
243,143,23.79
62,112,23.79
17,125,23.78
49,234,23.76
168,18,23.76
112,211,23.75
256,246,23.75
243,126,23.75
112,17,23.74
40,113,23.73
33,77,23.73
80,262,23.69
61,91,23.69
89,195,23.67
17,226,23.67
42,142,23.67
22,195,23.66
112,52,23.65
112,33,23.64
82,140,23.64
181,77,23.63
189,198,23.57
95,53,23.56
226,238,23.53
7,173,23.5
97,133,23.5
74,213,23.5
240,168,23.5
74,153,23.5
260,258,23.5
75,137,23.5
226,83,23.5
146,93,23.5
97,113,23.5
223,238,23.5
146,145,23.5
255,195,23.5
152,249,23.5
33,186,23.5
127,152,23.5
43,164,23.5
120,243,23.5
65,37,23.5
130,171,23.5
78,41,23.5
116,174,23.5
112,107,23.5
181,71,23.5
33,198,23.5
16,92,23.5
147,51,23.5
207,130,23.5
265,247,23.5
129,53,23.5
74,18,23.5
74,100,23.5
24,90,23.5
92,16,23.5
66,189,23.5
97,188,23.5
145,146,23.5
66,249,23.5
159,213,23.5
223,137,23.5
166,74,23.5
74,60,23.5
49,249,23.5
188,33,23.5
7,151,23.5
74,119,23.5
196,237,23.5
7,48,23.5
24,164,23.5
24,140,23.5
146,232,23.5
41,161,23.5
65,88,23.5
179,82,23.5
196,179,23.5
116,262,23.5
82,122,23.5
247,173,23.5
202,70,23.5
75,69,23.5
179,129,23.5
196,193,23.5
116,213,23.5
228,45,23.46
41,243,23.45
61,227,23.45
75,224,23.44
17,114,23.44
136,75,23.43
7,160,23.41
185,243,23.4
72,65,23.39
127,238,23.34
225,148,23.32
17,113,23.31
89,17,23.31
235,254,23.3
255,79,23.3
222,61,23.29
127,220,23.29
65,157,23.29
255,249,23.27
85,66,23.24
74,145,23.24
244,143,23.23
17,79,23.21
37,72,23.2
232,25,23.2
188,37,23.2
37,229,23.2
62,165,23.2
61,155,23.2
227,149,23.2
257,225,23.2
76,188,23.2
32,242,23.2
169,213,23.2
80,72,23.2
248,51,23.2
208,81,23.2
33,257,23.2
21,155,23.2
212,242,23.2
77,89,23.2
73,130,23.2
188,123,23.2
179,233,23.2
62,91,23.18
41,142,23.16
166,48,23.14
112,61,23.14
179,256,23.11
65,114,23.09
102,226,23.08
80,170,23.05
226,102,23.03
226,161,23.01
25,186,23
78,42,23
236,213,23
212,259,23
75,128,23
40,255,23
7,224,23
43,159,23
236,68,23
134,36,23
189,79,23
66,89,23
7,4,23
93,138,23
116,141,23
95,112,23
25,246,23
66,157,23
25,140,23
42,241,23
91,225,23
52,89,23
65,62,23
41,233,23
52,68,23
179,151,23
157,260,23
66,62,23
152,70,23
42,140,23
95,219,23
196,122,23
134,139,23
236,144,23
244,119,23
260,248,23
223,186,23
119,265,23
82,164,23
228,227,23
152,212,23
227,181,23
75,247,23
42,213,23
24,230,23
42,60,23
127,151,23
153,168,23
92,36,23
75,47,23
236,107,23
212,169,23
129,144,23
255,76,23
223,217,23
75,250,23
25,89,23
93,129,23
97,246,23
152,163,23
116,236,23
7,53,23
236,113,23
74,78,23
66,80,23
95,98,23
130,82,23
74,260,23
17,227,23
196,16,23
69,60,23
75,152,23
75,50,23
43,179,23
226,230,23
42,233,23
7,170,23
157,79,23
51,60,22.99
126,41,22.99
66,226,22.97
69,208,22.94
198,146,22.9
36,226,22.89
255,181,22.88
256,196,22.86
61,76,22.81
61,197,22.79
112,143,22.78
225,228,22.74
36,76,22.74
216,76,22.74
61,228,22.74
61,145,22.73
112,195,22.7
179,143,22.7
7,143,22.67
89,89,22.66
195,158,22.64
130,70,22.63
82,107,22.63
179,234,22.61
152,48,22.58
37,181,22.57
228,17,22.53
181,225,22.53
168,161,22.52
17,7,22.52
145,48,22.51
223,160,22.5
263,82,22.5
42,143,22.5
135,191,22.5
42,223,22.5
129,163,22.5
213,212,22.5
82,17,22.5
43,161,22.5
188,29,22.5
10,265,22.5
74,193,22.5
223,161,22.5
43,47,22.5
95,205,22.5
65,225,22.5
74,163,22.5
255,170,22.5
243,75,22.5
43,202,22.5
189,113,22.5
43,42,22.5
236,244,22.5
244,74,22.5
157,249,22.5
119,240,22.5
42,260,22.5
152,43,22.5
226,92,22.5
260,37,22.5
244,248,22.5
91,26,22.5
40,225,22.5
134,207,22.5
65,79,22.5
26,210,22.5
66,228,22.5
197,135,22.5
129,126,22.5
82,112,22.5
74,229,22.5
42,262,22.5
256,265,22.5
179,236,22.5
163,163,22.5
152,161,22.5
42,242,22.5
52,62,22.5
179,53,22.5
116,158,22.5
223,121,22.5
63,132,22.5
24,170,22.5
159,153,22.5
241,116,22.5
41,60,22.5
97,226,22.5
223,151,22.5
127,265,22.5
25,85,22.5
166,163,22.5
41,167,22.5
95,80,22.5
65,133,22.5
83,166,22.5
97,36,22.5
41,223,22.5
223,196,22.5
179,112,22.5
181,211,22.5
236,164,22.5
134,61,22.5
196,175,22.5
66,36,22.48
142,223,22.48
256,89,22.47
112,144,22.46
216,39,22.46
79,48,22.46
74,236,22.42
179,79,22.41
36,7,22.41
52,137,22.37
116,50,22.37
61,112,22.37
255,148,22.35
65,137,22.34
80,164,22.31
254,213,22.31
61,25,22.31
71,34,22.31
196,36,22.29
168,229,22.28
37,114,22.26
29,29,22.26
145,129,22.25
33,224,22.24
254,248,22.21
81,169,22.2
182,153,22.2
147,182,22.2
81,159,22.2
185,208,22.2
242,94,22.2
216,121,22.2
181,222,22.2
35,211,22.2
126,238,22.2
241,244,22.2
116,212,22.2
232,35,22.2
35,80,22.2
200,169,22.2
35,232,22.2
242,47,22.2
26,108,22.2
72,228,22.2
242,254,22.2
188,114,22.2
185,200,22.2
77,71,22.2
25,198,22.2
169,208,22.2
22,89,22.2
85,33,22.2
62,89,22.2
22,72,22.2
25,225,22.2
106,35,22.2
80,188,22.2
129,17,22.2
119,263,22.2
250,42,22.2
178,65,22.2
81,60,22.2
49,77,22.2
254,242,22.2
188,113,22.2
76,37,22.2
35,37,22.2
89,33,22.2
89,25,22.2
241,147,22.2
76,65,22.2
85,102,22.2
136,183,22.17
75,140,22.13
146,74,22.11
106,255,22.1
106,234,22.04
80,223,22.02
121,216,22
213,168,22
49,202,22
42,263,22
89,67,22
42,136,22
126,126,22
69,159,22
159,41,22
75,126,22
244,220,22
130,215,22
152,230,22
80,233,22
82,217,22
223,69,22
83,134,22
52,234,22
159,143,22
127,75,22
34,100,22
18,265,22
65,90,22
43,4,22
82,196,22
106,37,22
134,198,22
65,193,22
260,186,22
112,95,22
189,87,22
228,55,22
70,129,22
255,90,22
82,138,22
166,193,22
69,236,22
43,230,22
36,231,22
185,265,22
235,264,22
196,93,22
216,82,22
82,135,22
43,69,22
7,223,22
254,265,22
208,167,22
159,241,22
33,80,22
97,178,22
75,43,22
255,230,22
119,70,22
74,143,22
129,263,22
227,61,21.98
47,152,21.97
255,193,21.93
152,7,21.89
225,89,21.89
106,90,21.89
243,41,21.86
62,255,21.86
61,198,21.84
80,7,21.77
106,165,21.76
66,133,21.74
65,246,21.73
37,111,21.71
157,4,21.71
168,69,21.7
75,159,21.7
181,209,21.7
169,47,21.7
94,119,21.7
167,247,21.7
167,169,21.7
78,69,21.7
168,41,21.7
94,153,21.7
41,168,21.7
159,119,21.7
169,18,21.7
244,247,21.7
247,41,21.7
167,78,21.7
235,159,21.7
69,169,21.7
94,174,21.7
235,174,21.7
167,94,21.7
69,168,21.7
169,174,21.7
18,169,21.7
127,41,21.67
255,177,21.64
195,249,21.64
256,226,21.63
213,254,21.62
256,85,21.6
168,236,21.59
106,36,21.57
112,237,21.57
167,136,21.55
159,32,21.55
41,151,21.54
228,6,21.53
61,144,21.52
225,91,21.5
74,202,21.5
196,225,21.5
134,215,21.5
7,159,21.5
75,147,21.5
135,129,21.5
97,198,21.5
236,137,21.5
43,48,21.5
235,265,21.5
95,196,21.5
42,94,21.5
127,239,21.5
174,248,21.5
82,80,21.5
82,180,21.5
95,216,21.5
153,75,21.5
147,41,21.5
82,193,21.5
168,59,21.5
159,230,21.5
33,227,21.5
7,255,21.5
40,256,21.5
152,220,21.5
223,262,21.5
127,243,21.5
42,243,21.5
182,259,21.5
83,262,21.5
223,140,21.5
74,126,21.5
260,112,21.5
65,13,21.5
168,238,21.5
133,210,21.5
196,63,21.5
70,146,21.5
192,207,21.5
255,188,21.5
197,179,21.5
42,240,21.5
42,167,21.5
226,66,21.5
25,125,21.5
83,49,21.5
260,142,21.5
181,61,21.5
85,195,21.44
61,255,21.44
52,90,21.43
238,233,21.41
225,40,21.4
223,141,21.37
255,209,21.37
208,254,21.35
112,236,21.35
145,237,21.32
96,215,21.31
112,62,21.3
116,263,21.3
256,233,21.3
127,167,21.22
222,72,21.2
188,227,21.2
72,222,21.2
242,240,21.2
225,222,21.2
35,71,21.2
89,106,21.2
86,265,21.2
222,62,21.2
222,188,21.2
165,72,21.2
119,18,21.2
69,166,21.2
72,155,21.2
169,185,21.2
183,259,21.2
17,145,21.19
80,79,21.11
20,265,21.11
147,185,21.03
188,198,21.03
83,141,21
193,196,21
65,233,21
255,83,21
75,116,21
17,25,21
127,166,21
116,153,21
75,163,21
55,210,21
182,69,21
139,130,21
17,40,21
223,73,21
43,224,21
43,237,21
97,112,21
42,239,21
225,145,21
265,240,21
70,28,21
166,143,21
33,90,21
243,174,21
243,74,21
116,152,21
82,163,21
168,264,21
28,173,21
236,112,21
235,151,21
134,173,21
56,131,21
41,59,21
61,89,21
41,153,21
24,237,21
97,257,21
260,256,21
260,237,21
244,126,21
74,235,21
43,170,21
256,90,21
226,163,20.99
189,26,20.99
189,114,20.96
52,255,20.94
146,36,20.94
179,161,20.93
145,95,20.92
40,49,20.92
256,40,20.9
129,145,20.9
189,211,20.88
92,121,20.88
181,256,20.87
17,49,20.85
244,24,20.83
49,107,20.83
112,249,20.81
41,179,20.8
254,250,20.79
153,159,20.78
40,37,20.78
34,164,20.76
189,246,20.7
25,133,20.69
62,178,20.69
188,210,20.64
106,89,20.64
25,112,20.64
256,7,20.61
62,155,20.61
112,68,20.57
76,61,20.56
157,189,20.56
152,237,20.55
159,18,20.54
195,228,20.54
40,61,20.5
41,69,20.5
33,249,20.5
41,212,20.5
33,225,20.5
145,236,20.5
202,138,20.5
244,147,20.5
81,247,20.5
7,141,20.5
82,98,20.5
189,71,20.5
134,95,20.5
24,69,20.5
127,74,20.5
210,39,20.5
146,90,20.5
223,74,20.5
41,147,20.5
129,193,20.5
247,140,20.5
181,227,20.5
190,112,20.5
75,164,20.5
95,173,20.5
155,108,20.5
49,186,20.5
127,147,20.5
196,258,20.5
166,78,20.5
80,114,20.5
41,239,20.5
74,43,20.5
192,64,20.5
25,17,20.5
43,233,20.5
223,192,20.5
49,226,20.5
65,257,20.5
97,228,20.5
244,213,20.5
145,37,20.5
33,4,20.5
17,165,20.5
42,248,20.5
36,181,20.5
66,107,20.5
14,257,20.5
42,126,20.5
97,45,20.5
145,33,20.5
181,144,20.5
43,162,20.5
260,198,20.5
42,236,20.5
181,80,20.48
116,75,20.46
17,232,20.46
225,33,20.45
91,189,20.45
243,238,20.45
62,188,20.43
34,188,20.43
189,256,20.42
146,246,20.42
112,189,20.37
25,144,20.36
179,239,20.34
38,265,20.32
189,36,20.3
98,121,20.3
134,157,20.29
61,40,20.27
235,259,20.27
171,129,20.25
145,168,20.22
256,106,20.22
189,144,20.22
22,91,20.2
136,81,20.2
227,72,20.2
225,107,20.2
213,242,20.2
72,61,20.2
60,32,20.2
62,33,20.2
165,17,20.2
29,165,20.2
185,51,20.2
116,78,20.2
200,185,20.2
147,212,20.2
210,72,20.2
78,116,20.2
241,213,20.2
54,37,20.2
130,95,20.2
18,167,20.2
240,31,20.2
185,167,20.2
18,208,20.2
35,155,20.2
71,61,20.2
188,39,20.2
78,254,20.2
193,74,20.2
76,225,20.2
136,69,20.2
150,123,20.2
218,122,20.2
86,139,20.2
196,252,20.2
106,188,20.2
21,26,20.2
168,140,20.2
21,227,20.2
213,167,20.2
159,74,20.2
225,65,20.2
85,40,20.2
76,49,20.2
188,181,20.2
123,61,20.2
160,76,20.2
47,242,20.2
225,87,20.2
222,71,20.2
47,220,20.2
112,186,20.17
256,179,20.17
17,144,20.14
33,113,20.14
213,247,20.13
66,4,20.13
38,10,20.12
61,97,20.09
7,116,20.09
121,160,20.08
255,33,20.06
54,225,20.03
243,151,20.01
25,61,20
65,228,20
252,264,20
36,114,20
69,81,20
116,247,20
189,189,20
160,160,20
92,223,20
185,18,20
83,148,20
74,147,20
102,264,20
166,263,20
179,95,20
33,66,20
91,264,20
133,25,20
171,53,20
65,261,20
171,264,20
182,247,20
244,20,20
24,100,20
171,130,20
65,112,20
92,260,20
81,81,20
193,79,20
242,242,20
174,119,20
3,264,20
223,260,20
260,137,20
248,60,20
256,256,20
81,182,20
181,228,20
66,224,20
121,205,20
160,229,20
83,130,20
220,265,20
93,56,20
3,3,20
197,180,20
152,141,20
128,166,20
146,196,20
157,197,20
242,126,20
216,196,20
223,53,20
54,54,20
33,256,20
92,98,20
82,192,20
134,191,20
226,138,20
174,235,20
56,196,20
74,263,20
159,69,20
235,213,20
152,78,20
174,78,20
213,47,20
147,136,20
242,220,20
157,223,20
93,95,20
226,198,20
95,63,20
130,196,20
264,164,20
166,116,20
134,175,20
226,173,20
196,157,20
56,264,20
146,264,20
247,213,20
42,119,20
49,181,20
62,62,20
174,182,20
152,60,20
49,225,20
157,237,20
43,226,20
220,128,20
7,194,20
38,264,20
168,243,20
52,211,20
80,137,20
53,173,20
260,264,20
74,136,20
248,241,20
241,51,20
197,258,20
235,20,20
53,260,20
78,78,20
150,210,20
119,75,20
260,262,20
52,45,20
130,56,20
41,7,20
95,198,20
240,240,20
93,264,20
116,47,20
235,120,20
227,227,20
202,202,20
134,56,20
256,234,20
65,224,20
260,207,20
260,36,20
181,68,20
247,69,20
18,264,20
82,256,20
82,146,20
76,132,20
147,264,20
173,192,20
41,235,20
250,69,20
61,62,20
74,247,20
152,236,20
260,161,20
250,32,20
26,25,20
10,264,20
89,177,19.98
189,112,19.98
20,244,19.94
228,61,19.91
7,80,19.9
146,142,19.9
61,256,19.89
225,181,19.82
112,161,19.81
238,164,19.8
61,36,19.79
256,249,19.78
255,114,19.77
49,4,19.77
41,127,19.77
37,76,19.73
33,114,19.72
47,42,19.72
52,113,19.71
127,247,19.7
256,65,19.7
263,255,19.7
226,141,19.7
61,65,19.67
34,89,19.66
255,52,19.63
33,228,19.6
37,25,19.59
17,107,19.58
49,261,19.57
193,233,19.57
33,265,19.54
42,128,19.54
256,87,19.54
76,71,19.54
200,254,19.53
71,76,19.52
49,211,19.51
66,112,19.51
243,166,19.5
129,223,19.5
223,263,19.5
134,129,19.5
247,212,19.5
66,256,19.5
24,145,19.5
181,35,19.5
65,255,19.5
75,167,19.5
260,141,19.5
243,240,19.5
25,114,19.5
226,237,19.5
255,160,19.5
196,131,19.5
95,131,19.5
116,143,19.5
244,200,19.5
33,133,19.5
255,40,19.5
259,241,19.5
157,83,19.5
36,249,19.5
65,256,19.5
80,234,19.5
52,249,19.5
181,26,19.5
74,116,19.5
80,106,19.5
95,36,19.5
181,62,19.5
236,79,19.5
210,67,19.5
145,198,19.5
33,62,19.5
135,92,19.5
146,100,19.5
152,247,19.5
255,234,19.5
181,72,19.5
33,188,19.5
181,113,19.5
177,197,19.5
255,231,19.5
255,72,19.5
17,148,19.5
174,126,19.5
210,89,19.5
25,37,19.5
160,196,19.5
197,121,19.5
24,243,19.5
41,163,19.5
129,134,19.5
7,137,19.5
112,66,19.5
116,235,19.5
263,107,19.5
134,92,19.5
69,212,19.5
97,66,19.5
166,142,19.5
179,230,19.5
260,233,19.5
223,166,19.5
224,65,19.48
37,79,19.48
32,153,19.46
126,42,19.45
55,149,19.44
35,189,19.43
17,231,19.4
65,113,19.35
85,210,19.35
36,25,19.35
40,125,19.34
126,169,19.29
25,148,19.29
85,49,19.28
167,244,19.28
223,226,19.26
52,158,19.26
195,62,19.24
34,225,19.23
255,37,19.23
34,61,19.22
62,36,19.21
92,196,19.21
51,254,19.2
22,67,19.2
185,254,19.2
62,35,19.2
181,190,19.2
225,177,19.2
72,35,19.2
61,49,19.2
152,74,19.2
37,35,19.2
225,61,19.2
21,67,19.2
167,212,19.2
35,188,19.2
102,37,19.2
188,106,19.2
33,87,19.2
71,72,19.2
85,72,19.2
89,181,19.2
106,227,19.2
67,228,19.2
80,225,19.2
256,52,19.2
166,42,19.2
190,35,19.13
225,255,19.13
33,37,19.09
213,69,19
255,162,19
134,180,19
168,237,19
95,130,19
24,127,19
25,4,19
41,126,19
135,196,19
169,265,19
212,254,19
97,17,19
223,56,19
252,173,19
134,216,19
193,186,19
52,79,19
256,33,19
188,65,19
92,130,19
260,166,19
74,120,19
33,181,19
256,17,19
52,256,19
235,47,19
97,232,19
244,159,19
181,33,19
241,174,19
95,258,19
66,45,19
49,232,19
116,18,19
166,75,19
63,196,19
7,112,19
182,264,19
36,148,19
65,145,19
134,205,19
196,223,19
256,181,18.98
32,247,18.98
189,232,18.96
210,85,18.94
254,220,18.93
255,66,18.91
179,141,18.89
244,41,18.88
112,225,18.87
159,208,18.87
152,223,18.84
223,42,18.82
146,50,18.82
36,188,18.81
243,120,18.8
255,107,18.79
61,222,18.74
66,148,18.72
195,17,18.71
89,210,18.7
238,231,18.7
212,235,18.66
33,255,18.65
145,225,18.63
195,97,18.62
78,136,18.61
168,127,18.6
119,74,18.56
41,263,18.52
133,165,18.51
25,255,18.51
196,260,18.5
242,212,18.5
70,130,18.5
52,40,18.5
17,80,18.5
80,158,18.5
43,163,18.5
66,37,18.5
193,138,18.5
236,161,18.5
52,177,18.5
130,9,18.5
43,140,18.5
24,246,18.5
42,238,18.5
146,234,18.5
195,71,18.5
146,129,18.5
41,43,18.5
138,83,18.5
226,164,18.5
243,60,18.5
116,120,18.5
244,212,18.5
226,48,18.5
134,83,18.5
260,163,18.5
66,190,18.5
168,129,18.5
179,186,18.5
95,10,18.5
66,261,18.5
52,17,18.5
24,162,18.5
168,116,18.5
74,129,18.5
65,48,18.5
196,121,18.5
65,125,18.5
20,126,18.5
263,246,18.5
97,181,18.5
236,229,18.5
92,252,18.5
112,37,18.49
37,188,18.49
112,25,18.47
145,161,18.47
49,114,18.44
129,179,18.44
188,225,18.4
247,248,18.39
145,50,18.37
255,25,18.35
56,7,18.35
78,220,18.33
189,217,18.32
49,198,18.3
61,71,18.26
189,255,18.24
255,113,18.22
165,55,18.22
228,181,18.21
190,255,18.21
72,26,18.2
159,168,18.2
169,94,18.2
33,85,18.2
106,72,18.2
168,74,18.2
20,169,18.2
185,81,18.2
108,108,18.2
174,94,18.2
250,47,18.2
247,159,18.2
94,169,18.2
177,25,18.2
169,60,18.2
26,150,18.2
159,152,18.2
263,119,18.2
35,65,18.2
177,198,18.2
242,213,18.2
174,169,18.2
47,159,18.2
35,76,18.2
94,78,18.2
225,76,18.2
168,247,18.2
78,248,18.2
169,78,18.2
220,185,18.2
169,20,18.2
129,202,18.2
123,55,18.2
263,159,18.2
26,165,18.2
18,81,18.2
198,256,18.2
168,159,18.2
159,75,18.2
185,174,18.2
47,69,18.2
81,242,18.2
169,136,18.2
69,247,18.2
119,41,18.2
174,220,18.2
49,61,18.2
150,55,18.2
136,169,18.2
74,168,18.2
78,94,18.2
72,198,18.2
55,123,18.2
185,169,18.2
185,136,18.2
174,18,18.2
60,119,18.2
26,97,18.2
147,152,18.2
76,36,18.2
55,165,18.2
169,235,18.2
61,39,18.2
168,126,18.2
60,169,18.2
153,244,18.2
225,164,18.2
242,78,18.2
208,182,18.2
42,244,18.2
167,182,18.2
169,220,18.2
47,169,18.2
60,241,18.2
195,106,18.2
17,133,18.2
61,181,18.2
80,125,18.2
123,165,18.2
61,37,18.17
259,220,18.1
61,102,18.08
72,36,18.04
193,168,18.02
83,258,18
226,7,18
244,47,18
152,262,18
166,262,18
152,169,18
97,83,18
255,144,18
65,17,18
112,45,18
227,264,18
53,95,18
218,86,18
95,160,18
65,144,18
52,71,18
65,231,18
236,232,18
179,173,18
42,235,18
191,197,18
116,60,18
213,213,18
159,212,18
66,188,18
130,192,18
244,241,18
95,180,18
97,13,18
260,179,18
97,256,18
24,229,18
82,229,18
242,18,18
10,93,18
42,127,18
226,249,18
126,264,18
188,264,18
225,35,18
210,155,18
65,181,18
264,242,18
119,20,18
95,171,18
69,127,18
74,159,18
43,142,18
70,74,18
18,212,18
129,233,18
17,72,18
65,249,18
57,57,18
130,173,18
218,130,18
210,22,18
127,78,18
83,140,18
74,94,18
145,260,18
152,136,18
75,239,18
134,121,18
20,119,18
47,47,18
244,240,18
116,169,18
244,182,18
225,25,18
43,41,18
145,162,18
127,264,18
166,151,18
22,22,18
25,195,18
134,171,18
223,145,18
260,70,18
196,70,18
130,131,18
192,260,18
166,239,18
196,180,18
247,126,18
237,237,18
43,151,18
83,193,18
116,220,18
235,182,17.94
25,249,17.93
196,92,17.9
226,162,17.89
47,240,17.87
89,228,17.83
17,52,17.83
255,125,17.82
159,141,17.81
121,131,17.8
255,211,17.77
106,256,17.77
61,52,17.74
189,228,17.73
71,21,17.72
7,145,17.7
250,185,17.67
255,61,17.66
166,247,17.63
80,66,17.6
179,229,17.56
225,112,17.53
33,49,17.51
192,197,17.5
174,265,17.5
166,264,17.5
256,68,17.5
179,56,17.5
167,185,17.5
89,149,17.5
75,120,17.5
159,126,17.5
166,119,17.5
41,236,17.5
174,185,17.5
146,141,17.5
95,73,17.5
181,261,17.5
236,142,17.5
18,183,17.5
80,97,17.5
74,69,17.5
127,42,17.5
74,262,17.5
193,236,17.5
134,63,17.5
7,70,17.5
112,234,17.5
127,81,17.5
17,256,17.5
193,80,17.5
190,133,17.5
25,62,17.5
52,80,17.5
152,50,17.5
174,3,17.5
61,85,17.5
145,97,17.5
40,17,17.5
198,95,17.5
152,235,17.5
52,189,17.5
262,4,17.5
188,35,17.5
243,250,17.5
236,143,17.5
179,157,17.5
181,178,17.5
188,25,17.5
69,151,17.5
97,80,17.5
189,225,17.5
215,130,17.5
160,70,17.5
25,97,17.5
116,167,17.5
152,263,17.46
72,17,17.46
168,151,17.46
18,51,17.42
145,141,17.41
159,263,17.38
97,87,17.36
28,95,17.34
256,114,17.33
97,40,17.31
228,49,17.22
60,235,17.2
191,215,17.2
200,241,17.2
17,35,17.2
167,74,17.2
254,174,17.2
188,77,17.2
222,77,17.2
215,10,17.2
76,35,17.2
61,33,17.2
177,76,17.2
198,177,17.2
63,216,17.2
14,21,17.2
81,20,17.2
39,76,17.2
17,225,17.2
41,119,17.2
188,91,17.2
61,188,17.2
60,136,17.2
71,89,17.2
43,119,17.2
51,185,17.2
17,33,17.2
185,60,17.2
217,65,17.2
171,121,17.2
55,178,17.2
250,182,17.2
33,17,17.2
76,72,17.2
256,97,17.2
168,147,17.2
60,185,17.2
61,35,17.2
174,60,17.2
220,235,17.2
60,212,17.2
126,248,17.2
179,226,17.2
136,59,17.2
89,61,17.2
153,185,17.2
39,89,17.2
70,7,17.2
149,39,17.2
77,76,17.2
174,254,17.2
61,177,17.2
49,35,17.18
225,62,17.18
112,4,17.16
37,125,17.12
25,228,17.12
49,195,17.05
17,66,17.04
69,248,17.03
54,256,17.01
171,131,17.01
256,211,17.01
31,20,17
26,26,17
82,160,17
135,130,17
255,157,17
157,188,17
69,32,17
97,217,17
223,162,17
42,120,17
97,224,17
83,256,17
43,236,17
116,159,17
152,127,17
250,20,17
146,173,17
129,255,17
42,75,17
112,148,17
226,43,17
179,170,17
47,3,17
190,66,17
66,181,17
210,123,17
193,48,17
83,80,17
82,73,17
33,111,17
95,192,17
168,223,17
159,127,17
255,189,17
226,223,17
179,263,17
65,217,17
43,141,17
146,256,17
193,223,17
25,79,17
112,162,17
134,192,17
127,174,17
168,212,17
145,107,17
189,148,17
226,56,17
69,75,17
52,125,17
189,61,17
174,47,17
146,236,17
24,163,17
212,185,17
120,120,17
65,25,17
236,224,17
33,13,17
145,186,17
146,229,17
41,120,17
106,114,17
236,162,17
126,94,17
112,83,17
256,49,17
236,237,17
22,14,17
116,126,17
145,264,17
98,134,17
55,67,17
97,261,17
255,161,17
210,91,17
256,145,16.94
247,151,16.94
18,174,16.93
17,255,16.93
37,189,16.93
106,148,16.91
42,147,16.91
226,137,16.9
189,54,16.9
85,65,16.86
112,7,16.85
61,63,16.84
145,142,16.83
179,138,16.79
33,211,16.79
228,33,16.77
80,261,16.74
89,54,16.74
17,181,16.71
225,52,16.71
69,182,16.7
256,225,16.67
146,230,16.64
188,165,16.63
106,88,16.6
226,37,16.59
106,17,16.59
177,49,16.57
69,152,16.56
116,136,16.5
146,255,16.5
116,147,16.5
255,137,16.5
159,238,16.5
43,116,16.5
152,239,16.5
94,42,16.5
263,170,16.5
152,75,16.5
42,151,16.5
55,133,16.5
130,122,16.5
255,233,16.5
236,234,16.5
52,231,16.5
244,166,16.5
112,82,16.5
33,217,16.5
226,256,16.5
80,129,16.5
25,113,16.5
41,159,16.5
255,198,16.5
181,65,16.5
78,119,16.5
263,179,16.5
133,149,16.5
208,174,16.5
145,83,16.5
173,197,16.5
188,155,16.5
66,17,16.5
190,52,16.5
255,146,16.5
226,8,16.5
166,41,16.5
70,83,16.5
256,137,16.5
47,116,16.5
196,98,16.5
80,25,16.5
190,256,16.5
66,144,16.5
25,257,16.49
37,160,16.47
25,26,16.45
256,66,16.45
255,4,16.43
181,66,16.41
243,42,16.41
17,65,16.32
52,227,16.3
177,62,16.28
228,52,16.28
14,22,16.27
226,229,16.26
49,177,16.23
220,200,16.2
217,255,16.2
241,220,16.2
247,119,16.2
181,25,16.2
250,208,16.2
167,69,16.2
85,62,16.2
29,108,16.2
190,85,16.2
127,153,16.2
232,79,16.2
190,61,16.2
262,43,16.2
106,25,16.2
39,72,16.2
61,17,16.2
62,61,16.2
77,35,16.2
152,143,16.13
177,61,16.12
136,60,16.07
145,255,16.06
168,152,16.02
42,24,16
181,158,16
49,113,16
29,154,16
205,205,16
10,130,16
174,152,16
181,17,16
62,25,16
181,217,16
155,124,16
43,143,16
40,90,16
25,181,16
97,190,16
212,159,16
43,168,16
173,146,16
52,133,16
196,73,16
236,48,16
25,231,16
80,198,16
33,148,16
187,118,16
41,166,16
212,18,16
47,208,16
260,93,16
66,209,16
69,235,16
159,42,16
248,244,16
24,161,16
116,74,16
226,170,16
97,195,16
49,112,16
235,167,16
106,14,16
25,80,16
47,81,16
24,263,16
126,208,16
181,85,16
212,3,16
248,18,16
242,3,16
40,13,16
260,146,16
24,244,16
129,160,16
119,212,16
226,233,16
190,195,16
83,179,16
66,49,16
146,170,16
263,69,16
146,263,16
75,166,16
22,210,16
166,147,16
65,232,16
147,244,16
69,241,16
260,160,16
75,194,16
260,223,16
60,51,16
57,92,16
24,236,16
181,189,16
85,39,15.99
34,37,15.98
112,255,15.95
181,97,15.95
18,244,15.94
106,79,15.94
255,36,15.91
167,42,15.9
40,231,15.89
228,189,15.88
61,133,15.88
248,235,15.82
256,113,15.81
80,102,15.8
256,79,15.79
225,97,15.75
49,85,15.71
256,25,15.7
35,49,15.7
36,49,15.69
146,157,15.68
37,49,15.68
69,42,15.64
188,67,15.61
52,87,15.61
129,80,15.61
128,244,15.58
61,106,15.57
248,247,15.55
49,40,15.55
71,39,15.55
218,265,15.54
69,116,15.53
256,61,15.52
112,179,15.52
244,153,15.5
241,60,15.5
193,7,15.5
18,185,15.5
97,189,15.5
49,37,15.5
196,135,15.5
226,160,15.5
97,209,15.5
41,247,15.5
182,167,15.5
77,72,15.5
168,167,15.5
160,192,15.5
236,43,15.5
191,130,15.5
196,171,15.5
236,170,15.5
116,69,15.5
52,190,15.5
223,173,15.5
174,242,15.5
56,92,15.5
112,36,15.5
152,243,15.5
74,151,15.5
263,162,15.5
244,136,15.5
159,235,15.5
40,33,15.5
14,106,15.5
210,178,15.5
243,168,15.5
174,127,15.5
25,90,15.5
244,18,15.5
116,168,15.5
236,163,15.5
83,145,15.5
244,128,15.5
235,42,15.5
190,257,15.5
49,188,15.5
112,80,15.5
247,243,15.5
193,146,15.5
228,67,15.5
223,146,15.5
112,97,15.5
65,195,15.5
145,157,15.5
166,159,15.5
189,66,15.5
97,4,15.5
17,62,15.5
244,167,15.47
256,158,15.46
152,168,15.46
29,22,15.42
17,106,15.42
33,189,15.4
69,41,15.39
158,233,15.37
127,244,15.36
131,130,15.36
37,61,15.28
49,190,15.26
83,7,15.26
61,225,15.26
198,61,15.24
179,260,15.22
97,25,15.2
136,31,15.2
259,81,15.2
81,185,15.2
218,205,15.2
20,185,15.2
78,167,15.2
136,185,15.2
41,74,15.2
51,81,15.2
123,149,15.2
81,51,15.2
126,212,15.2
242,185,15.2
76,39,15.2
119,159,15.2
244,116,15.2
60,60,15.2
117,86,15.2
178,165,15.2
81,32,15.2
78,242,15.2
32,20,15.2
25,40,15.2
185,185,15.2
195,25,15.2
29,123,15.2
35,35,15.2
47,60,15.2
20,31,15.2
263,163,15.2
188,62,15.2
178,21,15.2
49,97,15.2
22,11,15.2
215,218,15.2
71,62,15.2
205,218,15.2
185,242,15.2
185,182,15.2
185,20,15.2
21,11,15.2
20,60,15.2
123,133,15.2
248,31,15.2
11,67,15.2
213,182,15.2
71,188,15.2
153,243,15.2
182,182,15.2
31,182,15.2
135,131,15.2
185,212,15.2
94,185,15.2
155,89,15.2
174,31,15.2
123,29,15.2
165,165,15.2
89,71,15.2
182,213,15.2
252,171,15.2
49,36,15.2
98,135,15.2
200,200,15.2
65,49,15.2
182,32,15.2
71,35,15.2
153,127,15.2
25,52,15.2
20,182,15.2
133,123,15.2
18,31,15.2
185,78,15.2
188,89,15.2
22,26,15.2
185,183,15.2
160,129,15.2
77,225,15.2
85,71,15.2
168,166,15.2
61,257,15.2
236,151,15.2
220,153,15.2
91,71,15.2
188,177,15.18
18,32,15.15
112,49,15.13
35,225,15.1
54,49,15.08
54,231,15.05
145,143,15.02
260,8,15
69,167,15
252,252,15
248,159,15
195,40,15
69,244,15
42,159,15
24,168,15
250,60,15
155,72,15
236,233,15
65,189,15
24,247,15
236,100,15
258,83,15
126,47,15
248,69,15
97,211,15
179,140,15
42,168,15
179,264,15
248,126,15
16,264,15
205,264,15
173,53,15
179,83,15
70,264,15
182,212,15
197,10,15
134,122,15
83,223,15
69,213,15
235,220,15
248,47,15
179,145,15
250,167,15
159,159,15
223,193,15
74,179,15
190,33,15
220,20,15
256,80,15
83,36,15
242,248,15
69,78,15
145,256,15
83,157,15
52,88,15
92,57,15
250,18,15
147,20,15
236,140,15
212,147,15
56,173,15
241,241,15
195,33,15
165,11,15
263,230,15
145,223,15
196,160,15
94,235,15
33,190,15
42,179,15
76,258,15
112,125,15
159,248,15
185,47,15
250,247,15
78,18,15
56,121,15
130,160,15
69,94,15
43,264,15
9,264,15
236,41,15
97,125,15
248,243,15
260,56,15
167,167,15
166,152,15
223,70,15
49,264,15
41,116,15
134,10,15
152,69,15
188,61,15
134,131,15
182,20,15
167,18,15
182,147,15
42,116,15
33,125,15
159,264,15
80,52,15
217,36,15
97,148,15
242,208,15
212,32,15
217,145,15
185,213,15
69,47,15
129,57,15
250,213,15
250,168,15
52,26,15
242,51,15
248,20,15
242,182,15
74,152,15
198,226,14.99
36,61,14.93
212,78,14.93
165,67,14.92
37,65,14.91
255,145,14.89
62,133,14.88
66,106,14.85
226,179,14.84
36,34,14.81
218,38,14.79
146,207,14.77
35,61,14.74
94,220,14.72
181,195,14.71
227,11,14.71
136,94,14.7
212,248,14.7
28,134,14.7
62,77,14.69
255,80,14.65
91,89,14.64
157,256,14.62
256,148,14.59
112,232,14.55
256,189,14.54
35,17,14.53
66,114,14.53
167,116,14.51
55,264,14.5
247,136,14.5
97,33,14.5
18,254,14.5
54,228,14.5
244,69,14.5
169,153,14.5
42,247,14.5
52,13,14.5
24,116,14.5
159,116,14.5
236,116,14.5
159,166,14.5
40,257,14.5
97,88,14.5
83,196,14.5
25,217,14.5
129,146,14.5
193,260,14.5
52,181,14.5
226,157,14.5
196,53,14.5
255,232,14.5
65,54,14.5
223,7,14.5
193,112,14.5
97,49,14.5
73,92,14.5
74,24,14.5
25,13,14.5
247,74,14.5
247,166,14.5
49,76,14.5
43,263,14.5
94,167,14.5
69,18,14.5
112,198,14.5
75,24,14.5
146,75,14.5
152,244,14.5
122,197,14.49
79,68,14.47
25,190,14.43
49,255,14.42
227,40,14.4
152,167,14.4
192,196,14.39
49,66,14.3
53,138,14.27
225,189,14.26
173,226,14.2
37,17,14.18
56,70,14.18
189,45,14.16
228,22,14.14
152,238,14.12
17,112,14.12
225,256,14.09
65,211,14.08
94,240,14.08
106,62,14.07
145,7,14.07
33,144,14.06
72,89,14.04
185,94,14.04
220,47,14
24,75,14
24,74,14
169,248,14
219,219,14
33,261,14
70,53,14
65,66,14
95,96,14
242,235,14
244,169,14
61,34,14
235,243,14
159,244,14
181,52,14
66,40,14
235,116,14
24,142,14
147,169,14
257,195,14
169,182,14
236,186,14
188,17,14
193,100,14
157,82,14
167,242,14
119,248,14
243,116,14
146,137,14
244,78,14
25,65,14
188,26,14
263,164,14
52,228,14
22,55,14
134,98,14
134,258,14
222,180,14
241,254,14
112,164,14
255,97,14
60,74,14
262,223,14
189,85,14
243,241,14
61,72,14
155,39,14
36,260,14
74,166,14
96,130,14
47,168,14
134,160,14
263,142,14
80,260,14
41,152,14
17,36,14
20,159,14
181,87,14
216,129,14
94,60,13.99
189,40,13.94
255,65,13.9
92,9,13.9
179,202,13.87
189,33,13.84
37,112,13.82
7,207,13.82
188,257,13.81
66,125,13.79
37,255,13.78
247,152,13.77
89,189,13.77
49,106,13.76
52,261,13.74
174,81,13.72
43,166,13.5
41,194,13.5
134,197,13.5
25,189,13.5
193,140,13.5
18,235,13.5
25,87,13.5
49,45,13.5
179,162,13.5
17,177,13.5
189,111,13.5
24,143,13.5
52,49,13.5
74,194,13.5
219,130,13.5
20,32,13.5
153,47,13.5
213,20,13.5
147,18,13.5
63,35,13.5
83,160,13.5
25,66,13.5
247,264,13.5
54,190,13.5
25,33,13.5
217,181,13.5
20,213,13.5
196,173,13.5
60,243,13.5
77,61,13.5
166,194,13.5
33,65,13.5
226,217,13.5
129,112,13.5
256,37,13.5
91,133,13.5
265,200,13.5
260,193,13.5
40,148,13.5
36,255,13.5
43,239,13.5
256,125,13.5
33,106,13.5
52,257,13.5
255,17,13.5
32,136,13.5
247,42,13.5
127,116,13.5
20,212,13.45
49,257,13.45
16,73,13.42
61,66,13.39
145,170,13.38
257,25,13.37
54,62,13.33
189,257,13.33
49,52,13.32
77,62,13.3
80,146,13.26
49,256,13.21
181,49,13.21
255,45,13.2
33,209,13.15
34,189,13.1
29,149,13.1
255,226,13.08
116,166,13.07
17,97,13.06
36,80,13.02
121,197,13.02
66,195,13.02
42,166,13
179,70,13
173,223,13
65,45,13
70,223,13
18,69,13
248,94,13
47,241,13
250,248,13
182,47,13
226,202,13
61,54,13
141,229,13
95,93,13
193,179,13
167,126,13
106,195,13
57,264,13
247,244,13
146,161,13
116,41,13
83,264,13
32,264,13
123,26,13
212,208,13
168,119,13
263,141,13
241,32,13
212,47,13
223,202,13
154,21,13
192,9,13
47,248,13
217,66,13
236,166,13
80,231,13
43,74,13
66,232,13
260,196,13
52,232,13
145,80,13
18,248,13
157,129,13
248,169,13
73,264,13
127,200,13
236,74,13
258,76,13
67,21,13
235,152,13
29,178,13
37,63,12.88
181,257,12.85
97,156,12.82
17,188,12.82
133,71,12.82
195,181,12.76
89,227,12.75
165,106,12.72
256,36,12.71
225,198,12.68
62,181,12.63
17,37,12.63
112,146,12.63
29,210,12.63
235,241,12.57
169,119,12.55
225,36,12.53
24,42,12.5
49,65,12.5
131,197,12.5
40,88,12.5
36,157,12.5
25,106,12.5
247,116,12.5
54,87,12.5
169,241,12.5
47,18,12.5
119,47,12.5
264,42,12.5
65,190,12.5
116,244,12.5
247,75,12.5
189,17,12.5
106,61,12.5
210,165,12.5
31,31,12.5
243,47,12.5
33,97,12.5
241,78,12.5
116,24,12.5
160,260,12.5
26,21,12.5
146,262,12.5
80,17,12.5
181,133,12.5
236,263,12.5
236,239,12.5
43,152,12.5
65,209,12.5
256,232,12.5
89,49,12.5
122,130,12.5
243,94,12.5
189,181,12.49
257,188,12.43
37,77,12.43
37,36,12.31
217,62,12.31
66,25,12.3
227,106,12.22
179,146,12.2
91,91,12.2
59,47,12.2
235,78,12.19
71,149,12.16
177,188,12.14
33,195,12.12
145,179,12.03
61,189,12.03
215,95,12.03
126,78,12
212,182,12
126,213,12
65,34,12
242,59,12
212,213,12
69,147,12
136,136,12
32,51,12
7,193,12
106,257,12
236,141,12
65,40,12
134,130,12
248,182,12
126,159,12
247,167,12
20,254,12
188,190,12
66,97,12
190,181,12
135,135,12
243,45,12
119,119,12
263,140,12
147,47,12
7,202,12
220,264,12
185,250,12
242,250,12
24,239,12
213,264,12
208,212,12
197,216,12
80,83,12
196,57,12
52,195,12
263,237,12
254,264,12
94,244,12
248,78,12
235,119,12
236,42,12
159,247,12
196,253,12
49,80,12
36,36,12
122,191,12
182,242,12
52,106,12
97,52,12
78,264,12
182,185,12
136,254,12
236,75,12
47,20,12
47,167,11.98
40,97,11.98
40,188,11.96
34,256,11.91
168,42,11.89
145,233,11.87
133,181,11.84
145,137,11.82
47,235,11.74
127,241,11.68
188,49,11.66
198,255,11.65
167,168,11.64
49,25,11.59
243,153,11.55
47,78,11.54
112,226,11.5
178,210,11.5
179,223,11.5
40,62,11.5
190,40,11.5
243,247,11.5
145,112,11.5
134,135,11.5
130,93,11.5
247,43,11.5
120,220,11.5
52,97,11.5
220,127,11.5
69,126,11.5
216,132,11.5
43,262,11.5
134,96,11.5
262,262,11.5
190,25,11.5
24,151,11.5
43,24,11.5
146,112,11.5
177,72,11.5
165,149,11.46
181,40,11.44
189,52,11.36
80,37,11.34
119,152,11.33
121,135,11.3
189,97,11.12
34,181,11.1
24,166,11
241,243,11
159,147,11
248,250,11
256,144,11
19,191,11
20,242,11
160,258,11
33,88,11
152,159,11
136,174,11
18,3,11
243,69,11
116,119,11
173,157,11
264,263,11
256,45,11
97,54,11
33,40,11
263,239,11
217,17,11
190,97,11
189,25,11
228,106,11
152,166,11
159,120,11
21,14,11
262,42,11
52,66,11
236,262,11
190,49,11
16,16,11
198,196,11
34,49,11
210,264,11
76,63,11
100,229,11
62,189,10.96
126,69,10.96
49,17,10.95
72,85,10.91
11,21,10.86
106,49,10.81
188,133,10.76
152,151,10.74
179,193,10.71
40,189,10.66
223,179,10.63
189,188,10.62
152,24,10.56
226,80,10.5
189,62,10.5
174,240,10.5
28,135,10.5
14,228,10.5
17,217,10.5
243,128,10.5
145,202,10.5
131,28,10.5
146,260,10.5
40,25,10.5
112,256,10.5
56,95,10.5
40,12,10.5
150,21,10.5
196,192,10.5
223,171,10.5
265,122,10.5
225,72,10.5
236,236,10.5
193,237,10.5
168,263,10.5
31,213,10.5
225,37,10.5
20,127,10.5
36,225,10.47
60,248,10.46
17,189,10.44
256,112,10.26
257,89,10.23
40,190,10.23
189,65,10.22
235,94,10.15
40,181,10.12
47,126,10.08
62,97,10.02
61,190,10.02
244,235,10
147,159,10
122,131,10
108,210,10
250,78,10
167,264,10
191,19,10
145,193,10
181,106,10
80,36,10
69,119,10
215,215,10
112,170,10
197,137,10
138,197,10
136,127,10
189,190,10
225,80,10
83,69,10
243,220,10
215,264,10
196,83,10
41,24,10
126,168,10
40,106,10
226,145,10
159,47,10
173,264,10
96,63,10
250,212,10
190,89,10
167,159,10
20,3,10
146,233,10
40,261,10
119,235,10
257,181,10
18,47,10
159,167,10
29,21,10
24,41,10
136,240,10
150,264,10
188,71,10
156,156,10
20,128,10
112,145,10
127,20,10
152,119,10
255,264,10
65,52,10
40,66,10
212,69,10
242,183,10
26,67,9.91
171,92,9.88
146,179,9.87
72,71,9.82
241,153,9.8
185,126,9.79
96,134,9.79
54,97,9.77
102,36,9.76
263,24,9.7
135,264,9.7
193,145,9.66
67,26,9.65
102,198,9.64
217,97,9.56
152,116,9.5
248,213,9.5
173,83,9.5
181,54,9.5
54,106,9.5
213,126,9.5
22,178,9.5
191,122,9.5
236,238,9.5
25,261,9.5
24,238,9.5
82,207,9.5
11,55,9.5
25,54,9.5
56,129,9.5
119,247,9.5
226,112,9.5
195,65,9.5
89,91,9.5
171,253,9.5
190,188,9.5
18,241,9.5
62,17,9.47
188,189,9.37
134,102,9.37
257,40,9.35
190,189,9.32
102,95,9.24
106,228,9.22
183,185,9.2
192,73,9.19
142,43,9.14
34,33,9.1
54,25,9.08
66,54,9
258,95,9
254,185,9
189,49,9
18,220,9
145,226,9
32,185,9
119,69,9
33,25,9
263,238,9
160,96,9
21,165,9
197,264,9
200,220,9
185,248,9
159,20,9
72,39,8.9
37,225,8.9
228,14,8.88
49,62,8.81
85,89,8.8
226,264,8.8
78,60,8.8
256,255,8.8
250,242,8.8
76,222,8.8
228,257,8.8
106,65,8.8
36,198,8.8
21,55,8.8
52,33,8.8
28,197,8.8
54,33,8.8
258,96,8.8
136,235,8.8
255,256,8.8
106,40,8.8
147,69,8.75
34,17,8.7
149,210,8.5
197,134,8.5
106,52,8.5
78,185,8.5
120,162,8.5
236,24,8.5
178,123,8.5
49,189,8.5
106,54,8.5
178,22,8.5
213,250,8.5
174,136,8.5
89,190,8.5
195,52,8.5
33,54,8.5
106,97,8.5
255,112,8.34
85,188,8.27
188,85,8.26
150,150,8
179,8,8
24,152,8
33,52,8
183,242,8
78,174,8
191,38,8
20,78,8
127,47,8
78,212,8
85,91,8
146,237,8
173,70,8
208,242,8
160,134,8
189,264,8
226,146,8
40,195,8
20,264,8
52,54,8
94,136,8
254,81,8
240,265,8
18,153,8
257,26,7.7
26,257,7.7
189,106,7.7
119,42,7.7
123,123,7.7
40,40,7.7
37,198,7.7
227,14,7.7
72,188,7.54
127,235,7.5
123,210,7.5
193,141,7.5
190,62,7.5
185,3,7.5
76,177,7.5
57,129,7.5
34,65,7.5
263,236,7.5
193,226,7.5
52,65,7.5
157,160,7.5
255,34,7.5
243,119,7.5
66,52,7.5
10,218,7.5
32,254,7
78,31,7
127,94,7
7,8,7
220,136,7
37,102,7
257,257,7
210,29,7
263,43,7
213,208,7
133,133,7
134,264,7
149,149,7
127,136,7
33,34,7
153,200,6.5
153,18,6.5
136,78,6.5
151,238,6.5
230,161,6.5
136,153,6.5
78,47,6.5
37,256,6.5
264,166,6.5
241,94,6.5
263,262,6.5
150,29,6.5
133,26,6
54,195,6
138,70,6
66,34,6
256,217,6
38,205,6
208,213,6
202,193,6
244,120,6
35,264,5.7
264,7,5.5
147,126,5.5
151,264,5.5
217,256,5.5
49,34,5.5
60,47,5.5
174,241,5.5
167,147,5
223,8,5
40,52,5
14,67,5
94,20,5
208,208,5
106,181,5
133,264,5
78,182,4.5
263,74,4.5
217,34,4.5
40,54,4.5
120,244,4
145,140,4
18,94,4
217,217,4
177,225,4
207,207,3.5
77,77,3.5
20,20,3
153,153,3
72,264,3
34,34,2.5
169,264,2.5
193,264,2.5
39,39,2.5
222,222,2.5
93,93,2.5
19,19,2.5
124,132,0.01
198,140,0.01
203,203,0
129,10,0
79,107,0
86,86,0
82,18,0
159,45,0
169,107,0
94,129,0
78,216,0
150,205,0
70,56,0
241,136,0
37,34,0
232,33,0
102,102,0
